"situacao";"dat_alteracao";"codigo";"descricao";"sigla";"natureza";"cod_pai";"cod_filhos";"cod_filhos_ativos";"nivel"
"A";"";"2";"PROCESSO CÍVEL E DO TRABALHO";"ProcCivTrab";"";"";"158,175,197,214,1106,12133,159,165,169,1068,1111,1116,1117,12079,12154,12247,166,167,170,171,172,173,1118,990,991,992,993,994,15187,1112,1114,12251,83,176,177,178,179,180,181,182,183,186,188,190,191,192,193,194,195,196,1233,1289,1723,1725,1726,12083,12084,198,199,200,207,211,212,213,460,1071,1271,1728,10942,202,203,204,206,1208,14774,208,210,1689,1006,1007,1008,1009,1209,1267,1685,11027,11882,11886,12760,1000,1001,1002,1003,1004,1005,11400,14775,215,237,257,1070,12137,12232,15167,15309,216,218,221,224,228,230,231,232,233,234,236,457,1285,1702,12075,12080,12081,12085,12087,12119,12153,14991,1230,1231,1232,238,239,240,241,242,251,1701,12139,12357,258,261,264,12082,1072,1145,12132,12391,15532,15533,15534,15535,150,155,1107,151,152,153,154,12088,156,157,229,10980,10981,12078,12231,12246,15160,15161,15215,15430,15731,15732,7,22,26,436,1067,14695,15620,27,50,62,28,29,30,31,32,34,35,37,38,39,40,41,44,45,46,47,48,49,1707,1709,12086,12375,12376,12541,12761,12763,12764,14677,51,52,53,54,55,56,57,58,59,60,61,1122,1294,1295,12226,12227,12228,12229,12233,12234,12369,12371,12372,12373,12374,12762,63,64,65,66,69,72,74,76,77,79,80,81,82,84,85,86,87,89,90,91,92,93,94,95,96,97,98,99,100,107,108,110,111,112,113,114,115,118,119,120,121,122,123,124,127,128,129,134,135,136,137,138,140,141,142,143,144,145,244,1124,1269,1296,1297,1682,1683,11397,11555,11556,12138,12370,12389,12390,14671,14990,15159,15217,15543,976,980,985,986,987,988,1125,1126,1202,12134,12135";"158,175,197,214,1106,12133,159,165,169,1068,1111,1116,1117,12079,12154,12247,166,167,170,171,172,173,1118,990,991,992,993,994,15187,1112,1114,12251,83,176,177,178,179,180,181,182,183,186,188,190,191,192,193,194,195,196,1233,1289,1723,1725,1726,12083,12084,198,199,200,207,211,212,213,460,1071,1271,1728,10942,202,203,204,206,1208,14774,208,210,1689,1006,1007,1008,1009,1209,1267,1685,11027,11882,11886,12760,1000,1001,1002,1003,1004,1005,11400,14775,215,237,257,1070,12137,12232,15167,15309,216,218,221,224,228,230,231,232,233,234,236,457,1285,1702,12075,12080,12081,12085,12087,12119,12153,14991,1230,1231,1232,238,239,240,241,242,251,1701,12139,12357,258,261,264,12082,1072,1145,12132,12391,15532,15533,15534,15535,150,155,1107,151,152,153,154,12088,156,157,229,10980,10981,12078,12231,12246,15160,15161,15215,15430,15731,15732,7,22,26,436,1067,14695,15620,27,50,62,28,29,30,31,32,34,35,37,38,39,40,41,44,45,46,47,48,49,1707,1709,12086,12375,12376,12541,12761,12763,12764,14677,51,52,53,54,55,56,57,58,59,60,61,1122,1294,1295,12226,12227,12228,12229,12233,12234,12369,12371,12372,12373,12374,12762,63,64,65,66,69,72,74,76,77,79,80,81,82,84,85,86,87,89,90,91,92,93,94,95,96,97,98,99,100,107,108,110,111,112,113,114,115,118,119,120,121,122,123,124,127,128,129,134,135,136,137,138,140,141,142,143,144,145,244,1124,1269,1296,1297,1682,1683,11397,11555,11556,12138,12370,12389,12390,14671,14990,15159,15217,15543,976,980,985,986,987,988,1125,1126,1202,12134,12135";"1"
"A";"";"5";"SUPERIOR TRIBUNAL DE JUSTIÇA";"STJ";"";"";"1013,1015,1016,1017,1018,1019,1020,1021,1022,1023,1024,1025,1026,1027,1028,1029,1030,1031,1032,1033,1034,1035,1036,1037,1038,1040,1042,1044,1045,1046,1047,1049,1053,1054,1057,1062,1063,1064,1066,1137,1669,1670,1671,1672,1673,1674,1675,1677,1678,1679,1720,1721,1722,11881,11956,12118,12250,15224,15228";"1013,1016,1017,1018,1019,1020,1021,1022,1023,1024,1025,1026,1027,1028,1029,1030,1031,1032,1033,1034,1036,1038,1040,1042,1044,1045,1046,1047,1049,1053,1054,1057,1062,1063,1064,1137,1669,1670,1671,1672,1673,1674,1675,1677,1678,1679,1720,1721,1722,11881,11956,12118,15224,15228";"1"
"A";"2018-11-19 11:55:45";"7";"Procedimento Comum Cível";"ProceComCiv";"Conhecimento";"1107.0";"";"";"4"
"A";"";"26";"Procedimentos Especiais";"ProEsp";"";"1107.0";"27,50,62,28,29,30,31,32,34,35,37,38,39,40,41,44,45,46,47,48,49,1707,1709,12086,12375,12376,12541,12761,12763,12764,14677,51,52,53,54,55,56,57,58,59,60,61,1122,1294,1295,12226,12227,12228,12229,12233,12234,12369,12371,12372,12373,12374,12762,63,64,65,66,69,72,74,76,77,79,80,81,82,84,85,86,87,89,90,91,92,93,94,95,96,97,98,99,100,107,108,110,111,112,113,114,115,118,119,120,121,122,123,124,127,128,129,134,135,136,137,138,140,141,142,143,144,145,244,1124,1269,1296,1297,1682,1683,11397,11555,11556,12138,12370,12389,12390,14671,14990,15159,15217,15543";"27,50,62,28,29,30,31,32,34,35,37,38,39,40,41,44,45,46,47,48,49,1707,1709,12086,12375,12376,12541,12761,12763,12764,14677,51,52,53,54,55,56,57,58,59,60,61,1122,1294,1295,12226,12227,12228,12229,12233,12234,12369,12371,12372,12373,12374,12762,63,64,65,66,69,72,74,76,77,79,80,81,82,84,85,86,87,89,90,91,92,93,94,95,96,97,98,99,100,107,108,110,111,112,113,114,115,118,119,120,121,122,123,124,127,128,129,134,135,136,137,138,140,141,142,143,144,145,244,1124,1269,1296,1297,1682,1683,11397,11555,11556,12138,12370,12389,12390,14671,14990,15159,15217,15543";"4"
"A";"";"27";"Procedimentos Especiais de Jurisdição Contenciosa";"PEJC";"";"26.0";"28,29,30,31,32,34,35,37,38,39,40,41,44,45,46,47,48,49,1707,1709,12086,12375,12376,12541,12761,12763,12764,14677";"30,31,32,34,37,38,39,40,45,46,47,48,49,1707,1709,12086,12375,12376,12541,12761,12763,12764,14677";"5"
"A";"";"30";"Arrolamento Comum";"ArrCom";"Conhecimento";"27.0";"";"";"6"
"A";"";"31";"Arrolamento Sumário";"ArrSum";"Conhecimento";"27.0";"";"";"6"
"A";"";"32";"Consignação em Pagamento";"ConPag";"Conhecimento";"27.0";"";"";"6"
"A";"";"34";"Demarcação / Divisão";"DemDiv";"Conhecimento";"27.0";"";"";"6"
"A";"2018-11-19 11:58:21";"37";"Embargos de Terceiro Cível";"ETCiv";"Conhecimento";"27.0";"";"";"6"
"A";"";"38";"Habilitação";"Habili";"Conhecimento";"27.0";"";"";"6"
"A";"";"39";"Inventário";"Invent";"Conhecimento";"27.0";"";"";"6"
"A";"";"40";"Monitória";"Monito";"Conhecimento";"27.0";"";"";"6"
"A";"2016-03-14 15:12:07";"45";"Ação de Exigir Contas";"AEC";"Conhecimento";"27.0";"";"";"6"
"A";"2020-07-03 08:49:18";"46";"Restauração de Autos Cível";"ResAutCiv";"Restauração";"27.0";"";"";"6"
"A";"";"47";"Ação Rescisória";"AR";"Conhecimento";"27.0";"";"";"6"
"A";"";"48";"Sobrepartilha";"Sobrep";"Conhecimento";"27.0";"";"";"6"
"A";"";"49";"Usucapião";"Usucap";"Conhecimento";"27.0";"";"";"6"
"A";"";"50";"Procedimentos Especiais de Jurisdição Voluntária";"PEJV";"";"26.0";"51,52,53,54,55,56,57,58,59,60,61,1122,1294,1295,12226,12227,12228,12229,12233,12234,12369,12371,12372,12373,12374,12762";"51,52,53,54,55,57,58,59,60,1294,12226,12227,12228,12229,12233,12371,12372,12374,12762";"5"
"A";"";"51";"Abertura, Registro e Cumprimento de Testamento";"ARCT";"Conhecimento";"50.0";"";"";"6"
"A";"";"52";"Alienação Judicial de Bens";"AlJuBe";"Conhecimento";"50.0";"";"";"6"
"A";"";"53";"Arrecadação das Coisas Vagas";"ArCoVa";"Conhecimento";"50.0";"";"";"6"
"A";"";"54";"Confirmação de Testamento";"ConTes";"Conhecimento";"50.0";"";"";"6"
"A";"";"55";"Declaração de Ausência";"DecAus";"Conhecimento";"50.0";"";"";"6"
"A";"";"57";"Herança Jacente";"HerJac";"Conhecimento";"50.0";"";"";"6"
"A";"2021-03-30 13:51:44";"58";"Interdição/Curatela";"Interd";"Conhecimento";"50.0";"";"";"6"
"A";"";"59";"Organização e Fiscalização de Fundação";"OrFiFu";"Conhecimento";"50.0";"";"";"6"
"A";"";"60";"Separação Consensual";"SepCon";"Conhecimento";"50.0";"";"";"6"
"A";"";"62";"Procedimentos Regidos por Outros Códigos, Leis Esparsas e Regimentos";"PROCLER";"";"26.0";"63,64,65,66,69,72,74,76,77,79,80,81,82,84,85,86,87,89,90,91,92,93,94,95,96,97,98,99,100,107,108,110,111,112,113,114,115,118,119,120,121,122,123,124,127,128,129,134,135,136,137,138,140,141,142,143,144,145,244,1124,1269,1296,1297,1682,1683,11397,11555,11556,12138,12370,12389,12390,14671,14990,15159,15217,15543";"63,64,65,66,69,74,81,82,84,85,86,87,89,90,91,92,93,94,95,96,100,107,108,110,111,113,114,115,118,119,120,121,122,123,124,128,129,134,135,136,137,138,140,142,143,1269,1296,1297,1682,1683,11397,11555,11556,12138,12370,12389,14671,15159,15217,15543";"5"
"A";"";"63";"Ação Civil Coletiva";"ACC";"Conhecimento";"62.0";"";"";"6"
"A";"";"64";"Ação Civil de Improbidade Administrativa";"ACIA";"Conhecimento";"62.0";"";"";"6"
"A";"2020-07-14 13:01:28";"65";"Ação Civil Pública";"ACPCiv";"Conhecimento";"62.0";"";"";"6"
"A";"";"66";"Ação Popular";"APop";"Conhecimento";"62.0";"";"";"6"
"A";"";"69";"Alimentos - Lei Especial Nº 5.478/68";"AlEsp";"Conhecimento";"62.0";"";"";"6"
"A";"";"74";"Alvará Judicial - Lei 6858/80";"AlvJud";"Conhecimento";"62.0";"";"";"6"
"A";"";"81";"Busca e Apreensão em Alienação Fiduciária";"BAAF";"Conhecimento";"62.0";"";"";"6"
"A";"";"82";"Cancelamento de Naturalização";"CanNat";"Conhecimento";"62.0";"";"";"6"
"A";"";"83";"Cautelar Fiscal";"CauFis";"Cautelar";"175.0";"";"";"3"
"A";"";"84";"Cobrança de Cédula de Crédito Industrial";"CCCI";"Conhecimento";"62.0";"";"";"6"
"A";"";"85";"Compromisso Arbitral";"ComArb";"Conhecimento";"62.0";"";"";"6"
"A";"";"86";"Consignatória de Aluguéis";"ConAlu";"Conhecimento";"62.0";"";"";"6"
"A";"";"87";"Conversão de Separação Judicial em Divórcio";"CSJD";"Conhecimento";"62.0";"";"";"6"
"A";"";"88";"Correição Parcial ou Reclamação Correicional";"CorPar";"Administrativa";"1198.0";"";"";"2"
"A";"";"89";"Depósito da Lei 8. 866/94";"Depos";"Conhecimento";"62.0";"";"";"6"
"A";"";"90";"Desapropriação";"Desapr";"Conhecimento";"62.0";"";"";"6"
"A";"";"91";"Desapropriação Imóvel Rural por Interesse Social";"DIRIS";"Conhecimento";"62.0";"";"";"6"
"A";"";"92";"Despejo";"Despej";"Conhecimento";"62.0";"";"";"6"
"A";"";"93";"Despejo por Falta de Pagamento";"DeFaPa";"Conhecimento";"62.0";"";"";"6"
"A";"";"94";"Despejo por Falta de Pagamento Cumulado Com Cobrança";"DFPCC";"Conhecimento";"62.0";"";"";"6"
"A";"2025-04-01 15:03:26";"95";"Ação Direta de Inconstitucionalidade";"ADI";"Conhecimento";"62.0";"";"";"6"
"A";"";"96";"Discriminatória";"Discri";"Conhecimento";"62.0";"";"";"6"
"A";"";"100";"Dúvida";"Duvida";"Conhecimento";"62.0";"";"";"6"
"A";"";"107";"Expropriação da Lei 8.257/91";"Exprop";"Conhecimento";"62.0";"";"";"6"
"A";"";"108";"Falência de Empresários, Sociedades Empresáriais, Microempresas e Empresas de Pequeno Porte";"FESEMEPP";"Conhecimento";"62.0";"";"";"6"
"A";"2021-05-28 15:27:28";"110";"Habeas Data Cível";"HDCiv";"Conhecimento";"62.0";"";"";"6"
"A";"";"111";"Habilitação de Crédito";"HabCre";"Conhecimento";"62.0";"";"";"6"
"A";"";"113";"Imissão na Posse";"ImiPos";"Conhecimento";"62.0";"";"";"6"
"A";"";"114";"Impugnação de Crédito";"ImpCre";"Conhecimento";"62.0";"";"";"6"
"A";"";"115";"Inquérito Extrajudicial";"InqExt";"Conhecimento";"62.0";"";"";"6"
"A";"";"118";"Mandado de Injunção";"MI";"Conhecimento";"62.0";"";"";"6"
"A";"";"119";"Mandado de Segurança Coletivo";"MSCol";"Conhecimento";"62.0";"";"";"6"
"A";"2018-06-25 14:14:31";"120";"Mandado de Segurança Cível";"MSCiv";"Conhecimento";"62.0";"";"";"6"
"A";"";"121";"Naturalização";"Natura";"Conhecimento";"62.0";"";"";"6"
"A";"";"122";"Opção de Nacionalidade";"OpcNac";"Conhecimento";"62.0";"";"";"6"
"A";"";"123";"Averiguação de Paternidade";"AvePat";"Conhecimento";"62.0";"";"";"6"
"A";"";"124";"Pedido de Resposta ou Retificação da Lei de Imprensa";"PRRLI";"Conhecimento";"62.0";"";"";"6"
"A";"";"128";"Recuperação Extrajudicial";"RecExt";"Conhecimento";"62.0";"";"";"6"
"A";"";"129";"Recuperação Judicial";"RecJud";"Conhecimento";"62.0";"";"";"6"
"A";"";"134";"Registro Torrens";"RegTor";"Conhecimento";"62.0";"";"";"6"
"A";"";"135";"Relatório Falimentar";"RelFal";"Conhecimento";"62.0";"";"";"6"
"A";"";"136";"Remição do Imóvel Hipotecado";"ReImHi";"Conhecimento";"62.0";"";"";"6"
"A";"";"137";"Renovatória de Locação";"RenLoc";"Conhecimento";"62.0";"";"";"6"
"A";"";"138";"Restituição de Coisa ou Dinheiro na Falência do Devedor Empresário";"RCDFDE";"Conhecimento";"62.0";"";"";"6"
"A";"";"140";"Revisional de Aluguel";"RevAlu";"Conhecimento";"62.0";"";"";"6"
"A";"";"142";"Sonegados";"Sonega";"Conhecimento";"62.0";"";"";"6"
"A";"";"143";"Suprimento de Idade e/ou Consentimento";"SIEC";"Conhecimento";"62.0";"";"";"6"
"A";"";"150";"Procedimento de Liquidação";"ProLiq";"";"1106.0";"151,152,153,154,12088";"151,152,153,154";"3"
"A";"";"151";"Liquidação por Arbitramento";"LiqArb";"Cumprimento de Sentença/Decisão";"150.0";"";"";"4"
"A";"2017-05-05 15:19:38";"152";"Liquidação de Sentença pelo Procedimento Comum";"LiqProcedCom";"Cumprimento de Sentença/Decisão";"150.0";"";"";"4"
"A";"";"153";"Liquidação Provisória por Arbitramento";"LiPrAr";"Cumprimento de Sentença/Decisão";"150.0";"";"";"4"
"A";"2017-05-05 15:20:24";"154";"Liquidação Provisória de Sentença pelo Procedimento Comum";"LiPrPorcedCom";"Cumprimento de Sentença/Decisão";"150.0";"";"";"4"
"A";"";"155";"Procedimento de Cumprimento de Sentença/Decisão";"MPCA";"";"1106.0";"156,157,229,10980,10981,12078,12231,12246,15160,15161,15215,15430,15731,15732";"156,157,10980,12078,12231,12246,15160,15161,15215,15430,15731,15732";"3"
"A";"";"156";"Cumprimento de sentença";"CumSen";"Cumprimento de Sentença/Decisão";"155.0";"";"";"4"
"A";"";"157";"Cumprimento Provisório de Sentença";"CumPrSe";"Cumprimento de Sentença/Decisão";"155.0";"";"";"4"
"A";"2016-05-03 14:19:08";"158";"Processo de Execução";"ProcExe";"";"2.0";"159,165,169,1068,1111,1116,1117,12079,12154,12247,166,167,170,171,172,173,1118,990,991,992,993,994,15187,1112,1114,12251";"159,165,169,1068,1116,1117,12079,12154,12247,166,167,170,171,172,173,1118,990,991,992,993,994,15187";"2"
"A";"";"159";"Execução de Título Extrajudicial";"ExTiEx";"Execução";"158.0";"12079,12154,12247";"12079,12154,12247";"3"
"A";"";"165";"Insolvência Civil";"InsCiv";"Execução";"158.0";"166,167";"166,167";"3"
"A";"";"166";"Insolvência Requerida pelo Credor";"IRPC";"Execução";"165.0";"";"";"4"
"A";"";"167";"Insolvência Requerida pelo Devedor ou pelo Espólio";"IRPDPE";"Execução";"165.0";"";"";"4"
"A";"";"169";"Embargos";"Emb";"";"158.0";"170,171,172,173,1118";"172,1118";"3"
"A";"";"172";"Embargos à Execução";"EE";"Conhecimento";"169.0";"";"";"4"
"A";"";"175";"Processo Cautelar";"ProcCau";"";"2.0";"83,176,177,178,179,180,181,182,183,186,188,190,191,192,193,194,195,196,1233,1289,1723,1725,1726,12083,12084";"83,1233";"2"
"A";"";"197";"Recursos";"Rec";"";"2.0";"198,199,200,207,211,212,213,460,1071,1271,1728,10942,202,203,204,206,1208,14774,208,210,1689,1006,1007,1008,1009,1209,1267,1685,11027,11882,11886,12760,1000,1001,1002,1003,1004,1005,11400,14775";"198,199,200,207,211,212,213,460,1071,1271,1728,10942,202,203,204,206,1208,14774,208,210,1689,1006,1007,1008,1009,1209,1267,1685,11027,11882,11886,12760,1000,1001,1002,1003,1004,1005,11400,14775";"2"
"A";"2018-06-25 14:20:53";"198";"Apelação Cível";"ApCiv";"Recursal";"197.0";"";"";"3"
"A";"2018-06-25 14:20:11";"199";"Remessa Necessária Cível";"RemNecCiv";"Recurso";"197.0";"";"";"3"
"A";"";"200";"Agravos";"Agr";"";"197.0";"202,203,204,206,1208,14774";"202,204,206,1208";"3"
"A";"";"202";"Agravo de Instrumento";"AI";"Recursal";"200.0";"";"";"4"
"A";"";"204";"Agravo de Instrumento em Recurso Extraordinário";"AIRE";"Recurso Superior";"200.0";"";"";"4"
"A";"2018-11-19 13:58:07";"206";"Agravo Regimental Cível";"AgRCiv";"Recurso Interno";"200.0";"";"";"4"
"A";"";"207";"Embargos";"Emb";"";"197.0";"208,210,1689";"210,1689";"3"
"A";"";"210";"Embargos Infringentes na Execução Fiscal";"EIfEFis";"Recurso Interno";"207.0";"";"";"4"
"A";"2018-11-19 13:59:12";"211";"Recurso Ordinário Cível";"ROCiv";"Recurso Superior";"197.0";"";"";"3"
"A";"";"212";"Recurso Extraordinário";"RE";"Recurso Superior";"197.0";"";"";"3"
"A";"";"213";"Recurso Especial";"REsp";"Recurso Superior";"197.0";"";"";"3"
"A";"";"214";"Outros Procedimentos";"OutPro";"";"2.0";"215,237,257,1070,12137,12232,15167,15309,216,218,221,224,228,230,231,232,233,234,236,457,1285,1702,12075,12080,12081,12085,12087,12119,12153,14991,1230,1231,1232,238,239,240,241,242,251,1701,12139,12357,258,261,264,12082,1072,1145,12132,12391,15532,15533,15534,15535";"215,237,257,1070,12137,15167,15309,216,218,221,224,228,230,231,232,233,234,236,457,1285,1702,12075,12080,12081,12085,12087,12119,12153,14991,1230,1231,1232,238,239,240,241,242,251,1701,12139,12357,258,261,264,12082,1072,1145,12132,12391,15532,15533,15534,15535";"2"
"A";"";"215";"Incidentes";"Inc";"Incidental";"214.0";"216,218,221,224,228,230,231,232,233,234,236,457,1285,1702,12075,12080,12081,12085,12087,12119,12153,14991,1230,1231,1232";"216,221,228,234,236,457,12075,12080,12081,12085,12087,12119,12153,14991";"3"
"A";"2018-11-19 11:42:17";"216";"Incidente De Arguição de Inconstitucionalidade Cível";"ArgIncCiv";"Incidental";"215.0";"";"";"4"
"A";"2018-11-19 11:38:23";"221";"Conflito de competência cível";"CCCiv";"Incidental";"215.0";"";"";"4"
"A";"2018-11-19 11:39:48";"228";"Exibição de Documento ou Coisa Cível";"ExDoCoCiv";"Incidental";"215.0";"";"";"4"
"A";"";"234";"Remoção de Inventariante";"RemInv";"Incidente";"215.0";"";"";"4"
"A";"";"236";"Oposição";"Oposic";"Incidente";"215.0";"";"";"4"
"A";"";"237";"Atos e expedientes";"AtoExp";"";"214.0";"238,239,240,241,242,251,1701,12139,12357";"238,239,240,241,242,251,1701,12139,12357";"3"
"A";"";"238";"Avocatória";"Avocat";"Atos e Expedientes";"237.0";"";"";"4"
"A";"";"239";"Habilitação para Casamento";"HabCas";"Atos e Expedientes";"237.0";"";"";"4"
"A";"";"240";"Instrução de Rescisória";"InsRes";"Atos e Expedientes";"237.0";"";"";"4"
"A";"2018-06-25 14:28:10";"241";"Petição Cível";"PetCiv";"Atos e Expedientes";"237.0";"";"";"4"
"A";"";"242";"Comunicação";"Cm";"Atos e Expedientes";"237.0";"";"";"4"
"A";"";"251";"Registro de Casamento Nuncupativo";"ReCaNu";"Atos e Expedientes";"237.0";"";"";"4"
"A";"";"256";"Representação por Excesso de Prazo";"REP";"Administrativo";"1198.0";"";"";"2"
"A";"";"257";"Cartas";"Cartas";"";"214.0";"258,261,264,12082";"258,261,264,12082";"3"
"A";"2010-10-14 13:13:07";"258";"Carta de Ordem Cível";"CartOrdCiv";"Carta";"257.0";"";"";"4"
"A";"2010-10-14 13:13:15";"261";"Carta Precatória Cível";"CartPrecCiv";"Carta";"257.0";"";"";"4"
"A";"2010-10-14 13:13:24";"264";"Carta Rogatória Cível";"RogatoCiv";"Carta";"257.0";"";"";"4"
"A";"";"268";"PROCESSO CRIMINAL";"ProCri";"";"";"269,277,281,284,303,308,316,334,412,1727,270,274,275,276,271,278,279,280,1731,1733,12121,272,273,282,283,10943,10944,285,292,287,288,289,290,291,11798,12394,293,294,295,297,299,300,302,1710,12122,14701,304,307,305,306,309,310,311,312,1268,10967,11793,11955,14734,15170,313,314,315,317,326,327,328,331,1715,1717,14123,318,319,320,321,322,323,324,329,330,325,332,333,432,433,1178,1291,1719,11787,11788,11789,11790,11791,12077,14678,335,355,375,413,416,417,418,419,420,421,422,424,425,426,427,428,1711,1712,1729,1730,11398";"269,277,281,284,303,308,316,334,412,1727,270,274,275,276,271,278,279,280,1731,1733,12121,272,273,282,283,10943,10944,285,292,287,288,289,290,291,11798,12394,293,294,295,297,299,300,302,1710,12122,14701,304,307,305,306,309,310,311,312,1268,10967,11793,11955,14734,15170,313,314,315,317,326,327,328,331,1715,1717,14123,318,319,320,321,322,323,324,329,330,325,332,333,432,433,1178,1291,1719,11787,11788,11789,11790,11791,12077,14678,335,355,375,413,416,417,418,419,420,421,422,424,425,426,427,428,1711,1712,1729,1730,11398";"1"
"A";"";"269";"Medidas Preparatórias";"MedPre";"";"268.0";"270,274,275,276";"274,275,276";"2"
"A";"";"271";"Representação Criminal";"RpCr";"";"277.0";"272,273";"272";"3"
"A";"2010-10-14 13:02:14";"272";"Representação Criminal/Notícia de Crime";"RpCrNotCrim";"Investigatória";"271.0";"";"";"4"
"A";"";"274";"Interpelações";"Interp";"";"269.0";"275,276";"275,276";"3"
"A";"";"275";"Notificação para Explicações";"NotExp";"Preparatória";"274.0";"";"";"4"
"A";"";"276";"Notificação para Explicações (Lei de Imprensa)";"NotExpLI";"Preparatória";"274.0";"";"";"4"
"A";"";"277";"Procedimentos Investigatórios";"ProcInv";"";"268.0";"271,278,279,280,1731,1733,12121,272,273";"271,278,279,280,1731,1733,12121,272,273";"2"
"A";"";"278";"Termo Circunstanciado";"TCO";"Investigatória";"277.0";"";"";"3"
"A";"";"279";"Inquérito Policial";"IP";"Investigatória";"277.0";"";"";"3"
"A";"";"280";"Auto de Prisão em Flagrante";"AuPrFl";"Investigatória";"277.0";"";"";"3"
"A";"";"281";"Procedimento Comum";"ProcedCom";"";"268.0";"282,283,10943,10944";"282,283,10943,10944";"2"
"A";"";"282";"Ação Penal de Competência do Júri";"Juri";"Conhecimento";"281.0";"";"";"3"
"A";"";"283";"Ação Penal - Procedimento Ordinário";"APOrd";"Conhecimento";"281.0";"";"";"3"
"A";"";"284";"Processo Especial";"ProEsp";"";"268.0";"285,292,287,288,289,290,291,11798,12394,293,294,295,297,299,300,302,1710,12122,14701";"285,292,287,288,289,290,291,11798,12394,293,294,295,297,299,300,302,1710,12122,14701";"2"
"A";"";"285";"Processo Especial do Código de Processo Penal";"PECPP";"";"284.0";"287,288,289,290,291,11798,12394";"287,288,289,291,11798,12394";"3"
"A";"";"287";"Crimes de Responsabilidade dos Funcionários Públicos";"CRFP";"Conhecimento";"285.0";"";"";"4"
"A";"";"288";"Crimes de Calúnia, Injúria e Difamação de Competência do Juiz Singular";"CCIDCJS";"Conhecimento";"285.0";"";"";"4"
"A";"";"289";"Crimes Contra a Propriedade Imaterial";"CCPImat";"Conhecimento";"285.0";"";"";"4"
"A";"2020-07-03 08:50:03";"291";"Restauração de Autos Criminal";"ResAutCrim";"Restauração";"285.0";"";"";"4"
"A";"";"292";"Processo Especial de Leis Esparsas";"PELE";"";"284.0";"293,294,295,297,299,300,302,1710,12122,14701";"293,294,295,297,300,302,1710,12122,14701";"3"
"A";"";"293";"Crimes Ambientais";"CriAmb";"Conhecimento";"292.0";"";"";"4"
"A";"";"294";"Crimes Contra a Propriedade Industrial";"CCPInd";"Conhecimento";"292.0";"";"";"4"
"A";"";"295";"Crimes Contra a Propriedade Intelectual";"CCPInt";"Conhecimento";"292.0";"";"";"4"
"A";"";"297";"Crimes de Imprensa";"CriImp";"Conhecimento";"292.0";"";"";"4"
"A";"";"300";"Procedimento Especial da Lei Antitóxicos";"PrEsAn";"Conhecimento";"292.0";"";"";"4"
"A";"";"302";"Procedimento Especial dos Crimes de Abuso de Autoridade";"PECAA";"Conhecimento";"292.0";"";"";"4"
"A";"";"303";"Medidas Garantidoras";"MedGar";"";"268.0";"304,307,305,306";"304,307,305,306";"2"
"A";"";"304";"Liberdade";"Liberd";"";"303.0";"305,306";"305,306";"3"
"A";"";"305";"Liberdade Provisória com ou sem fiança";"LibProv";"Conhecimento";"304.0";"";"";"4"
"A";"";"306";"Relaxamento de Prisão";"RelPri";"Conhecimento";"304.0";"";"";"4"
"A";"2018-06-25 14:26:14";"307";"Habeas Corpus Criminal";"HCCrim";"Conhecimento";"303.0";"";"";"3"
"A";"";"308";"Medidas Cautelares";"MedCau";"";"268.0";"309,310,311,312,1268,10967,11793,11955,14734,15170,313,314,315";"309,310,311,312,1268,10967,11793,11955,14734,15170,313,314,315";"2"
"A";"";"309";"Pedido de Busca e Apreensão Criminal";"PBACrim";"Conhecimento";"308.0";"";"";"3"
"A";"";"310";"Pedido de Quebra de Sigilo de Dados e/ou Telefônico";"QuebSig";"Conhecimento";"308.0";"";"";"3"
"A";"";"311";"Medidas Investigatórias Sobre Organizações Criminosas";"MISOC";"Cautelar";"308.0";"";"";"3"
"A";"";"312";"Pedido de Prisão";"PedPri";"";"308.0";"313,314,315";"313,314";"3"
"A";"";"313";"Pedido de Prisão Preventiva";"PePrPr";"Conhecimento";"312.0";"";"";"4"
"A";"";"314";"Pedido de Prisão Temporária";"PePrTe";"Conhecimento";"312.0";"";"";"4"
"A";"";"316";"Questões e Processos Incidentes";"QuPrIn";"";"268.0";"317,326,327,328,331,1715,1717,14123,318,319,320,321,322,323,324,329,330,325,332,333,432,433,1178,1291,1719,11787,11788,11789,11790,11791,12077,14678";"317,326,327,328,331,1715,1717,14123,318,319,320,321,322,323,324,329,330,325,332,333,432,433,1178,1291,1719,11787,11788,11789,11790,11791,12077,14678";"2"
"A";"";"317";"Exceções";"Exc";"";"316.0";"318,319,320,321,322,323,324";"318,319,320,321,322,323,324";"3"
"A";"";"318";"Exceção de Suspeição";"ExcSuspei";"Incidental";"317.0";"";"";"4"
"A";"";"319";"Exceção de Incompetência de Juízo";"ExcInc";"Incidental";"317.0";"";"";"4"
"A";"2010-01-06 11:27:57";"320";"Exceção de Litispendência";"Litisp";"Incidental";"317.0";"";"";"4"
"A";"2010-01-06 11:27:14";"321";"Exceção de Ilegitimidade de Parte";"IlePar";"Incidental";"317.0";"";"";"4"
"A";"2010-01-06 11:25:44";"322";"Exceção de Coisa Julgada";"CoiJul";"Incidental";"317.0";"";"";"4"
"A";"";"323";"Exceção de Impedimento";"ExcImpedi";"Incidental";"317.0";"";"";"4"
"A";"";"324";"Exceção da Verdade";"Verdad";"Incidente";"317.0";"";"";"4"
"A";"";"325";"Conflito de Jurisdição";"ConfJurisd";"Incidental";"331.0";"";"";"4"
"A";"";"326";"Restituição de Coisas Apreendidas";"ReCoAp";"Incidental";"316.0";"";"";"3"
"A";"2020-04-15 06:34:34";"327";"Embargos de Terceiro Criminal";"ETCrim";"Conhecimento";"316.0";"";"";"3"
"A";"";"328";"Medidas Assecuratórias";"MedAss";"";"316.0";"329,330";"329,330";"3"
"A";"";"329";"Seqüestro";"Seques";"Incidental";"328.0";"";"";"4"
"A";"";"330";"Arresto / Hipoteca Legal";"ArrHipLeg";"Incidental";"328.0";"";"";"4"
"A";"";"331";"Incidentes";"Inc";"";"316.0";"325,332,333,432,433,1178,1291,1719,11787,11788,11789,11790,11791,12077,14678";"325,332,333,432,1178,1291,1719,11788,11791,12077,14678";"3"
"A";"";"332";"Incidente de Falsidade";"IncFal";"Incidente";"331.0";"";"";"4"
"A";"";"333";"Insanidade Mental do Acusado";"InsanAc";"Incidental";"331.0";"";"";"4"
"A";"";"334";"Cartas";"Cartas";"";"268.0";"335,355,375";"335,355,375";"2"
"A";"2018-11-19 13:00:43";"335";"Carta de Ordem Criminal";"CartOrdCrim";"Carta";"334.0";"";"";"3"
"A";"2010-10-14 13:14:36";"355";"Carta Precatória Criminal";"CartPrecCrim";"Carta";"334.0";"";"";"3"
"A";"2010-10-14 13:14:43";"375";"Carta Rogatória Criminal";"RogatoCrim";"Carta";"334.0";"";"";"3"
"A";"2020-06-05 13:41:39";"385";"EXECUÇÃO PENAL E DE MEDIDAS ALTERNATIVAS";"ExeCri";"";"";"386,406,1714,11399,12727,12728,12729,14696,15710,407,408,409,410,411,1283,1284,1288,11957,12089,12123,12124,12125,12126,12127,12128,12129";"386,12727,12728,12729,14696,15710";"1"
"A";"2020-06-05 13:43:28";"386";"Execução da Pena";"ExPe";"Execução";"385.0";"";"";"2"
"A";"";"412";"Recursos";"Rec";"";"268.0";"413,416,417,418,419,420,421,422,424,425,426,427,428,1711,1712,1729,1730,11398";"413,417,418,419,420,421,424,426,427,1711,1729,1730,11398";"2"
"A";"";"413";"Agravo de Execução Penal";"AgExPe";"Recursal";"412.0";"";"";"3"
"A";"2018-06-25 14:20:34";"417";"Apelação Criminal";"ApCrim";"Recursal";"412.0";"";"";"3"
"A";"";"418";"Carta Testemunhável";"CT";"Recursal";"412.0";"";"";"3"
"A";"2018-11-19 13:27:50";"419";"Correição Parcial Criminal";"CorPar";"Recursal";"412.0";"";"";"3"
"A";"2018-11-19 13:28:28";"420";"Embargos de Declaração Criminal";"EDCrim";"Recurso Interno";"412.0";"";"";"3"
"A";"";"421";"Embargos Infringentes e de Nulidade";"EIfNu";"Recurso Interno";"412.0";"";"";"3"
"A";"2018-11-19 14:01:22";"424";"Recurso de Medida Cautelar Criminal";"RecMedCauCrim";"Recursal";"412.0";"";"";"3"
"A";"";"426";"Recurso em Sentido Estrito";"RSE";"Recursal";"412.0";"";"";"3"
"A";"2018-06-25 14:19:45";"427";"Remessa Necessária Criminal";"RemNecCrim";"Recursal";"412.0";"";"";"3"
"A";"";"432";"Desaforamento de Julgamento";"Desafor";"";"331.0";"";"";"4"
"A";"";"436";"Procedimento do Juizado Especial Cível";"PJEC";"Conhecimento";"1107.0";"";"";"4"
"A";"2018-11-19 11:50:58";"457";"Pedido de Uniformização de Interpretação de Lei Cível";"PUILCiv";"Incidente";"215.0";"";"";"4"
"A";"2018-11-19 13:55:49";"460";"Recurso Inominado Cível";"RecInoCiv";"Recursal";"197.0";"";"";"3"
"A";"2023-03-31 13:02:33";"547";"PROCEDIMENTOS DE INFÂNCIA E JUVENTUDE";"JuizInfJuv";"";"";"1385,1459,15195,1386,1430,1436,1450,10969,11026,1389,1390,1391,1392,1396,1399,1401,1412,1414,1415,1417,1420,1424,1425,1426,1690,1691,1703,1704,1705,1706,10933,12070,12076,12230,15140,15190,15194,15191,15192,15193,1432,1434,1435,1438,1440,1451,1455,10970,10971,10972,10973,10974,12386,12388,10975,10976,10977,1460,1464,1465,1473,10960,10979,11794,12071,12074,12120,1461,1462,1463,11976,1466,1467,1468,1469,1470,1471,1472,1474,1478,12072,12073,12423,12424,15171,15172,14676,15196";"1385,1459,15195,1386,1430,1436,1450,10969,11026,1389,1390,1391,1392,1396,1399,1401,1412,1414,1415,1417,1420,1424,1425,1426,1690,1691,1703,1704,1705,1706,10933,12070,12076,12230,15140,15190,15194,15191,15192,15193,1432,1434,1435,1438,1440,1451,1455,10970,10971,10972,10973,10974,12386,12388,10975,10976,10977,1460,1464,1465,1473,10960,10979,11794,12071,12074,12120,1461,1462,1463,11976,1466,1467,1468,1469,1470,1471,1472,1474,1478,12072,12073,12423,12424,15171,15172,14676,15196";"1"
"A";"";"976";"Ação Anulatória de Cláusulas Convencionais";"AACC";"Conhecimento";"1067.0";"";"";"5"
"A";"";"980";"Ação de Cumprimento";"ACum";"Conhecimento";"1067.0";"";"";"5"
"A";"";"985";"Ação Trabalhista - Rito Ordinário";"ATOrd";"Conhecimento";"1067.0";"";"";"5"
"A";"";"986";"Inquérito para Apuração de Falta Grave";"IAFG";"Conhecimento";"1067.0";"";"";"5"
"A";"";"987";"Dissídio Coletivo";"DC";"Conhecimento";"1067.0";"";"";"5"
"A";"";"988";"Dissídio Coletivo de Greve";"DCG";"Conhecimento";"1067.0";"";"";"5"
"A";"";"990";"Execução de Título Extrajudicial";"ExTiEx";"Execução";"1068.0";"";"";"4"
"A";"";"991";"Execução de Termo de Ajuste de Conduta";"ExTAC";"Execução";"1068.0";"";"";"4"
"A";"";"992";"Execução de Termo de Conciliação de CCP";"ExCCP";"Execução";"1068.0";"";"";"4"
"A";"";"993";"Execução de Certidão de Crédito Judicial";"ExCCJ";"Execução";"1068.0";"";"";"4"
"A";"";"994";"Execução Provisória em Autos Suplementares";"ExProvAS";"Execução";"1068.0";"";"";"4"
"A";"";"1000";"Agravo";"Ag";"Recurso Interno";"1209.0";"";"";"5"
"A";"";"1001";"Agravo de Instrumento em Agravo de Petição";"AIAP";"Recursal";"1209.0";"";"";"5"
"A";"";"1002";"Agravo de Instrumento em Recurso de Revista";"AIRR";"Recursal";"1209.0";"";"";"5"
"A";"";"1003";"Agravo de Instrumento em Recurso Ordinário";"AIRO";"Recursal";"1209.0";"";"";"5"
"A";"";"1004";"Agravo de Petição";"AP";"Recursal";"1209.0";"";"";"5"
"A";"2018-11-19 13:58:46";"1005";"Agravo Regimental Trabalhista";"AgRT";"Recurso Interno";"1209.0";"";"";"5"
"A";"";"1006";"Embargos";"Emb";"Recurso Interno";"1071.0";"";"";"4"
"A";"";"1007";"Embargos Infringentes";"EIT";"Recurso Interno";"1071.0";"";"";"4"
"A";"";"1008";"Recurso de Revista";"RR";"Recursal";"1071.0";"";"";"4"
"A";"2018-11-19 13:59:39";"1009";"Recurso Ordinário Trabalhista";"ROT";"Recursal";"1071.0";"";"";"4"
"A";"2018-10-29 16:04:48";"1013";"Agravo em Recurso de Habeas Corpus";"AgRHC";"Recursal";"5.0";"";"";"2"
"A";"2018-10-30 17:06:53";"1016";"Embargos de Divergência em Agravo Regimental";"EmbAI";"Recurso Interno";"5.0";"";"";"2"
"A";"";"1017";"Embargos à Execução em Mandado de Segurança";"EmbExeMS";"Incidental";"5.0";"";"";"2"
"A";"";"1018";"Embargos à Execução em Ação Recisoria";"EmbExeAr";"Incidental";"5.0";"";"";"2"
"A";"";"1019";"Embargos à Execução em Medida Cautelar";"EmbExecMC";"Incidental";"5.0";"";"";"2"
"A";"";"1020";"Execução em Ação Rescisória";"ExeAR";"Cumprimento de Sentença/Decisão";"5.0";"";"";"2"
"A";"";"1021";"Execução em Sentença Estrangeira";"ExeSE";"Cumprimento de Sentença/Decisão";"5.0";"";"";"2"
"A";"";"1022";"Execução em Sentença Estrangeira Contestada";"ExeSEC";"Cumprimento de Sentença/Decisão";"5.0";"";"";"2"
"A";"";"1023";"Execução em Mandado de Segurança";"ExeMS";"Cumprimento de Sentença/Decisão";"5.0";"";"";"2"
"A";"";"1024";"Execução em Medida Cautelar";"ExeMC";"Cumprimento de Sentença/Decisão";"5.0";"";"";"2"
"A";"";"1025";"Incidente de Deslocamento de Competência ";"IDC";"Incidental";"5.0";"";"";"2"
"A";"2023-09-29 14:53:55";"1026";"Homologação de Decisão Estrangeira";"SE";"Conhecimento";"5.0";"";"";"2"
"A";"";"1027";"Sentença Estrangeira Contestada";"SEC";"Conhecimento";"5.0";"";"";"2"
"A";"";"1028";"Sindicância";"SD";"Administrativa/Investigatória";"5.0";"";"";"2"
"A";"";"1029";"Mandado de Segurança";"MS";"Conhecimento";"5.0";"";"";"2"
"A";"";"1030";"Reclamação";"Rcl";"Conhecimento";"5.0";"";"";"2"
"A";"";"1031";"Recurso Ordinário";"RO";"Recursal";"5.0";"";"";"2"
"A";"";"1032";"Recurso Especial";"REsp";"Recursal";"5.0";"";"";"2"
"A";"";"1033";"Ação Penal";"AP";"Conhecimento";"5.0";"";"";"2"
"A";"";"1034";"Interpelação Judicial";"IJ";"Preparatória";"5.0";"";"";"2"
"A";"";"1036";"Suspensão de Liminar e de Sentença";"SLS";"Conhecimento";"5.0";"";"";"2"
"A";"";"1038";"Representação";"Rp";"Preparatória";"5.0";"";"";"2"
"A";"";"1040";"Requisição de Pequeno Valor";"RPV";"Administrativa";"5.0";"";"";"2"
"A";"";"1042";"Inquérito";"Inq";"Investigatória";"5.0";"";"";"2"
"A";"";"1044";"Agravo de Instrumento";"AI";"Recursal";"5.0";"";"";"2"
"A";"2018-10-29 16:06:18";"1045";"Agravo em Recurso Extraordinário";"AgRE";"Recurso Superior";"5.0";"";"";"2"
"A";"2018-10-29 16:05:48";"1046";"Agravo em Recurso de Mandado de Segurança";"AgRMS";"Recursal";"5.0";"";"";"2"
"A";"";"1047";"Carta Rogatória";"Rog";"Carta";"5.0";"";"";"2"
"A";"";"1049";"Habeas Data";"HD";"Conhecimento";"5.0";"";"";"2"
"A";"";"1053";"Conflito de Atribuição";"CAt";"Conhecimento";"5.0";"";"";"2"
"A";"";"1054";"Conflito de Competência";"CC";"Incidental";"5.0";"";"";"2"
"A";"";"1057";"Petição";"Pet";"Atos e Expedientes";"5.0";"";"";"2"
"A";"";"1062";"Medida Cautelar";"MC";"Conhecimento";"5.0";"";"";"2"
"A";"";"1063";"Exceção da Verdade";"ExVerd";"Incidental";"5.0";"";"";"2"
"A";"2018-10-15 13:42:58";"1064";"Remessa Necessária em Habeas Corpus";"ROHC";"Recursal";"5.0";"";"";"2"
"A";"";"1067";"Procedimentos Trabalhistas";"ProcedTrab";"";"1107.0";"976,980,985,986,987,988,1125,1126,1202";"976,980,985,986,987,988,1125,1126,1202";"4"
"A";"";"1068";"Processo de Execução Trabalhista";"ProcExeTrab";"EXECUÇÃO";"158.0";"990,991,992,993,994,15187";"990,991,992,993,994,15187";"3"
"A";"";"1070";"Incidentes Trabalhistas";"IncTra";"";"214.0";"1072,1145,12132,12391,15532,15533,15534,15535";"1072,12132,12391,15532,15533,15534,15535";"3"
"A";"";"1071";"Recursos Trabalhistas";"RecTrab";"";"197.0";"1006,1007,1008,1009,1209,1267,1685,11027,11882,11886,12760,1000,1001,1002,1003,1004,1005,11400,14775";"1006,1007,1008,1009,1209,1267,1685,11027,11882,11886,12760,1000,1001,1002,1003,1004,1005,11400,14775";"3"
"A";"";"1072";"Pedido de Revisão do Valor da Causa";"PRVC";"Incidental";"1070.0";"";"";"4"
"A";"";"1106";"Processo de Conhecimento";"ProcCon";"";"2.0";"150,155,1107,151,152,153,154,12088,156,157,229,10980,10981,12078,12231,12246,15160,15161,15215,15430,15731,15732,7,22,26,436,1067,14695,15620,27,50,62,28,29,30,31,32,34,35,37,38,39,40,41,44,45,46,47,48,49,1707,1709,12086,12375,12376,12541,12761,12763,12764,14677,51,52,53,54,55,56,57,58,59,60,61,1122,1294,1295,12226,12227,12228,12229,12233,12234,12369,12371,12372,12373,12374,12762,63,64,65,66,69,72,74,76,77,79,80,81,82,84,85,86,87,89,90,91,92,93,94,95,96,97,98,99,100,107,108,110,111,112,113,114,115,118,119,120,121,122,123,124,127,128,129,134,135,136,137,138,140,141,142,143,144,145,244,1124,1269,1296,1297,1682,1683,11397,11555,11556,12138,12370,12389,12390,14671,14990,15159,15217,15543,976,980,985,986,987,988,1125,1126,1202";"150,155,1107,151,152,153,154,12088,156,157,229,10980,10981,12078,12231,12246,15160,15161,15215,15430,15731,15732,7,22,26,436,1067,14695,15620,27,50,62,28,29,30,31,32,34,35,37,38,39,40,41,44,45,46,47,48,49,1707,1709,12086,12375,12376,12541,12761,12763,12764,14677,51,52,53,54,55,56,57,58,59,60,61,1122,1294,1295,12226,12227,12228,12229,12233,12234,12369,12371,12372,12373,12374,12762,63,64,65,66,69,72,74,76,77,79,80,81,82,84,85,86,87,89,90,91,92,93,94,95,96,97,98,99,100,107,108,110,111,112,113,114,115,118,119,120,121,122,123,124,127,128,129,134,135,136,137,138,140,141,142,143,144,145,244,1124,1269,1296,1297,1682,1683,11397,11555,11556,12138,12370,12389,12390,14671,14990,15159,15217,15543,976,980,985,986,987,988,1125,1126,1202";"2"
"A";"";"1107";"Procedimento de Conhecimento";"ProcedCon";"";"1106.0";"7,22,26,436,1067,14695,15620,27,50,62,28,29,30,31,32,34,35,37,38,39,40,41,44,45,46,47,48,49,1707,1709,12086,12375,12376,12541,12761,12763,12764,14677,51,52,53,54,55,56,57,58,59,60,61,1122,1294,1295,12226,12227,12228,12229,12233,12234,12369,12371,12372,12373,12374,12762,63,64,65,66,69,72,74,76,77,79,80,81,82,84,85,86,87,89,90,91,92,93,94,95,96,97,98,99,100,107,108,110,111,112,113,114,115,118,119,120,121,122,123,124,127,128,129,134,135,136,137,138,140,141,142,143,144,145,244,1124,1269,1296,1297,1682,1683,11397,11555,11556,12138,12370,12389,12390,14671,14990,15159,15217,15543,976,980,985,986,987,988,1125,1126,1202";"7,26,436,1067,14695,15620,27,50,62,28,29,30,31,32,34,35,37,38,39,40,41,44,45,46,47,48,49,1707,1709,12086,12375,12376,12541,12761,12763,12764,14677,51,52,53,54,55,56,57,58,59,60,61,1122,1294,1295,12226,12227,12228,12229,12233,12234,12369,12371,12372,12373,12374,12762,63,64,65,66,69,72,74,76,77,79,80,81,82,84,85,86,87,89,90,91,92,93,94,95,96,97,98,99,100,107,108,110,111,112,113,114,115,118,119,120,121,122,123,124,127,128,129,134,135,136,137,138,140,141,142,143,144,145,244,1124,1269,1296,1297,1682,1683,11397,11555,11556,12138,12370,12389,12390,14671,14990,15159,15217,15543,976,980,985,986,987,988,1125,1126,1202";"3"
"A";"";"1116";"Execução Fiscal";"ExFis";"Execução ";"158.0";"";"";"3"
"A";"";"1117";"Execução Hipotecária do Sistema Financeiro da Habitação";"ExHipSFH";"Execução";"158.0";"";"";"3"
"A";"";"1118";"Embargos à Execução Fiscal";"EEFis";"Conhecimento";"169.0";"";"";"4"
"A";"";"1125";"Ação Trabalhista - Rito Sumaríssimo";"ATSum";"Conhecimento";"1067.0";"";"";"5"
"A";"";"1126";"Ação Trabalhista - Rito Sumário (Alçada)";"ATAlc";"Conhecimento";"1067.0";"";"";"5"
"A";"";"1137";"Embargos de Divergência em Recurso Especial";"EmbDivREsp";"Recurso Interno";"5.0";"";"";"2"
"A";"2018-11-19 13:21:03";"1178";"Incidente de Arguição de Inconstitucionalidade Criminal";"ArgInc";"Incidental";"331.0";"";"";"4"
"A";"2012-05-17 12:02:05";"1198";"PROCEDIMENTOS ADMINISTRATIVOS";"ProcAdm";"";"";"88,256,1199,1262,1264,1265,1266,1298,1299,1301,1303,1304,1306,1307,1308,1680,11887,11888,11889,11890,11891,11892,11893,11894,11953,12248,15239,15240,15241,15242,15243,15545,15708";"88,256,1199,1262,1264,1265,1266,1298,1299,1301,1303,1304,1306,1307,1308,1680,11887,11888,11889,11890,11891,11892,11893,11894,11953,12248,15239,15240,15241,15242,15243,15545,15708";"1"
"A";"";"1199";"Pedido de Providências";"PP";"Administrativa";"1198.0";"";"";"2"
"A";"";"1202";"Reclamação";"Rcl";"Conhecimento";"1067.0";"";"";"5"
"A";"2018-11-19 13:57:17";"1208";"Agravo Interno Cível";"AgIntCiv";"Recurso Interno";"200.0";"";"";"4"
"A";"";"1209";"Agravos";"Ag";"";"1071.0";"1000,1001,1002,1003,1004,1005,11400,14775";"1000,1001,1002,1003,1004,1005,11400,14775";"4"
"A";"2026-01-29 15:11:47";"1233";"Efeito Suspensivo em Dissídio Coletivo";"ESDC";"Conhecimento";"175.0";"";"";"3"
"A";"";"1262";"Processo Administrativo Disciplinar em face de Servidor";"PADServ";"Administrativa";"1198.0";"";"";"2"
"A";"";"1264";"Processo Administrativo Disciplinar em face de Magistrado";"PADMag";"Administrativa";"1198.0";"";"";"2"
"A";"";"1265";"Precatório";"Precat";"Administrativa";"1198.0";"";"";"2"
"A";"";"1266";"Requisição de Pequeno Valor";"RPV";"Administrativo";"1198.0";"";"";"2"
"A";"";"1267";"Recurso de Multa";"RM";"Recursal";"1071.0";"";"";"4"
"A";"2023-03-31 13:35:24";"1268";"Medidas Protetivas de Urgência (Lei Maria da Penha)  - Criminal";"MPUMPCrim";"Cautelar";"308.0";"";"";"3"
"A";"2018-06-25 14:25:47";"1269";"Habeas Corpus Cível";"HCCiv";"Conhecimento";"62.0";"";"";"6"
"A";"2018-11-19 14:01:07";"1271";"Recurso de Medida Cautelar Cível";"ReMeCaCiv";"Recursal";"197.0";"";"";"3"
"A";"";"1291";"Reabilitação";"Reabil";"Incidental";"331.0";"";"";"4"
"A";"";"1294";"Outros procedimentos de jurisdição voluntária";"OPJV";"Conhecimento";"50.0";"";"";"6"
"A";"2025-04-01 15:04:51";"1296";"Ação Declaratória de Constitucionalidade";"ADC";"Conhecimento";"62.0";"";"";"6"
"A";"";"1297";"Intervenção em Município";"IntMun";"Conhecimento";"62.0";"";"";"6"
"A";"";"1298";"Processo Administrativo";"PA";"Administrativa";"1198.0";"";"";"2"
"A";"";"1299";"Recurso Administrativo";"RecAdm";" Administrativa";"1198.0";"";"";"2"
"A";"";"1301";"Reclamação Disciplinar";"RD";"Administrativa";"1198.0";"";"";"2"
"A";"";"1303";"Correição Extraordinária";"CorExt";"Administrativa";"1198.0";"";"";"2"
"A";"";"1304";"Inspeção";"Insp";"Administrativa";"1198.0";"";"";"2"
"A";"";"1306";"Recurso em Processo Administrativo Disciplinar em face de Servidor";"RPADServ";"Administrativo";"1198.0";"";"";"2"
"A";"";"1307";"Correição Ordinária";"CorOrd";"Administrativa";"1198.0";"";"";"2"
"A";"";"1308";"Sindicância";"Sind";"Administrativo";"1198.0";"";"";"2"
"A";"";"1310";"SUPREMO TRIBUNAL FEDERAL";"STF";"";"";"1311,1312,1313,1314,1315,1316,1317,1318,1319,1320,1321,1322,1323,1324,1325,1326,1327,1328,1329,1330,1331,1332,1333,1334,1335,1336,1337,1338,1339,1340,1341,1342,1343,1344,1345,1346,1347,1348,1349,1350,1351,1352,1353,1354,1355,11880,12117,12190,12191,12192,12249,12775,12776,12777,12778,12779,12780,12781,12782,12783,12784,12785,12786,12788,12789,12790,12791,1356,1357,1358,1359,1360,1361,1362,1363,1364,1365,1366,1367,1368,1369,1370,1371,1372,1373,1374,1375,1376,1377,1378,1379,1380,1381,1382,1383,1384,12787";"1311,1312,1313,1314,1315,1316,1317,1318,1320,1321,1322,1323,1325,1326,1327,1328,1329,1330,1331,1332,1333,1334,1335,1336,1337,1338,1339,1341,1342,1343,1344,1345,1346,1347,1348,1349,1352,1353,1354,1355,11880,12190,12191,12192,12775,12776,12777,12778,12779,12780,12781,12782,12783,12784,12785,12786,12788,12789,12790,12791,1356,1357,1358,1359,1360,1361,1362,1363,1364,1365,1366,1367,1368,1369,1370,1371,1372,1373,1374,1375,1376,1377,1378,1379,1380,1381,1382,1383,1384,12787";"1"
"A";"";"1311";"Ação Cautelar";"AC";"Conhecimento";"1310.0";"";"";"2"
"A";"2020-07-24 14:24:59";"1312";"Ação  Originária";"AO";"Conhecimento";"1310.0";"";"";"2"
"A";"";"1313";"Ação Declaratória de Constitucionalidade";"ADC";"Conhecimento";"1310.0";"";"";"2"
"A";"";"1314";"Ação Direta de Inconstitucionalidade";"ADI";"Conhecimento";"1310.0";"";"";"2"
"A";"2020-07-24 14:24:18";"1315";"Ação Cível Originária";"AOC";"Conhecimento";"1310.0";"";"";"2"
"A";"";"1316";"Ação Originária Especial";"AOE";"Conhecimento";"1310.0";"";"";"2"
"A";"";"1317";"Ação Penal";"AP";"Conhecimento";"1310.0";"";"";"2"
"A";"";"1318";"Ação Rescisória";"AR";"Conhecimento";"1310.0";"";"";"2"
"A";"";"1320";"Agravo de Instrumento";"AI";"Recursal";"1310.0";"";"";"2"
"A";"";"1321";"Agravo Regimental";"AgR";"Recurso Interno";"1310.0";"";"";"2"
"A";"";"1322";"Arguição de Descumprimento de Preceito Fundamental";"ADPF";"Conhecimento";"1310.0";"";"";"2"
"A";"";"1323";"Arguição de Suspeição";"AS";"Incidental";"1310.0";"";"";"2"
"A";"";"1325";"Comunicação";"Cm";"Atos e Expedientes";"1310.0";"";"";"2"
"A";"";"1326";"Conflito de Competência";"CC";"Incidental";"1310.0";"";"";"2"
"A";"";"1327";"Embargos de Declaração";"ED";"Recurso Interno";"1310.0";"";"";"2"
"A";"2020-07-24 14:13:00";"1328";"Embargos Divergentes";"EDv";"Recurso Interno";"1310.0";"";"";"2"
"A";"";"1329";"Embargos Infringentes";"EI";"Recurso Interno";"1310.0";"";"";"2"
"A";"";"1330";"Extradição";"Ext";"Conhecimento";"1310.0";"";"";"2"
"A";"";"1331";"Habeas Corpus";"HC";"Conhecimento";"1310.0";"";"";"2"
"A";"";"1332";"Habeas Data";"HD";"Conhecimento";"1310.0";"";"";"2"
"A";"2020-07-24 14:47:54";"1333";"Inquerito";"Inq";"Investigatória";"1310.0";"";"";"2"
"A";"";"1334";"Intervenção Federal";"IF";"Conhecimento";"1310.0";"";"";"2"
"A";"";"1335";"Mandado de Injunção";"MI";"Conhecimento";"1310.0";"";"";"2"
"A";"";"1336";"Mandado de Segurança";"MS";"Conhecimento";"1310.0";"";"";"2"
"A";"";"1337";"Medida Cautelar";"MC";"Conhecimento";"1310.0";"";"";"2"
"A";"";"1338";"Petição";"Pet";"Atos e Expedientes";"1310.0";"";"";"2"
"A";"";"1339";"Prisão Preventiva para Extradição";"PPE";"Conhecimento";"1310.0";"";"";"2"
"A";"";"1341";"Questão de Ordem";"QO";"Incidental";"1310.0";"";"";"2"
"A";"";"1342";"Reclamação";"Rcl";"Conhecimento";"1310.0";"";"";"2"
"A";"";"1343";"Recurso Criminal";"RC";"Recursal";"1310.0";"";"";"2"
"A";"";"1344";"Recurso em Habeas Corpus";"RHC";"Recursal";"1310.0";"";"";"2"
"A";"";"1345";"Recurso em Habeas Data";"RHD";"Recursal";"1310.0";"";"";"2"
"A";"";"1346";"Recurso em Mandado de Injunção";"RMI";"Recursal";"1310.0";"";"";"2"
"A";"";"1347";"Recurso em Mandado de Segurança";"RMS";"Recursal";"1310.0";"";"";"2"
"A";"";"1348";"Recurso Extraordinário";"RE";"Recursal";"1310.0";"";"";"2"
"A";"";"1349";"Revisão Criminal";"RvC";"Conhecimento";"1310.0";"";"";"2"
"A";"";"1352";"Suspensão de Liminar";"SL";"Conhecimento";"1310.0";"";"";"2"
"A";"";"1353";"Suspensão de Segurança";"SS";"Conhecimento";"1310.0";"";"";"2"
"A";"2020-07-24 14:03:33";"1354";"Suspensão de Tutela Provisória";"STP";"Conhecimento";"1310.0";"";"";"2"
"A";"";"1355";"Siglas dos Processos Extintos";"SProcExt";"";"1310.0";"1356,1357,1358,1359,1360,1361,1362,1363,1364,1365,1366,1367,1368,1369,1370,1371,1372,1373,1374,1375,1376,1377,1378,1379,1380,1381,1382,1383,1384";"1356,1357,1358,1359,1360,1361,1362,1363,1364,1365,1366,1367,1368,1369,1370,1371,1372,1373,1374,1375,1376,1377,1378,1379,1380,1381,1382,1383,1384";"2"
"A";"";"1356";"Ação Ordinária Regressiva";"AOR";"";"1355.0";"";"";"3"
"A";"";"1357";"Ação Regressiva";"ARg";"";"1355.0";"";"";"3"
"A";"";"1358";"Apelação Cível";"ACi";"";"1355.0";"";"";"3"
"A";"";"1359";"Apelação Criminal";"ACr";"";"1355.0";"";"";"3"
"A";"";"1360";"Arguição de Relevância";"ARv";"";"1355.0";"";"";"3"
"A";"";"1361";"Carta Testemunhável";"CT";"";"1355.0";"";"";"3"
"A";"";"1362";"Conflito de Atribuições";"CA";"";"1355.0";"";"";"3"
"A";"";"1363";"Conflito de Jurisdição";"CJ";"";"1355.0";"";"";"3"
"A";"";"1364";"Denúncia";"Den";"";"1355.0";"";"";"3"
"A";"";"1365";"Embargos Remetidos";"ER";"";"1355.0";"";"";"3"
"A";"";"1366";"Exceção da Verdade";"EV";"";"1355.0";"";"";"3"
"A";"";"1367";"Exceção de Suspeição";"ES";"";"1355.0";"";"";"3"
"A";"";"1368";"Inquérito Administrativo";"IA";"";"1355.0";"";"";"3"
"A";"";"1369";"Inquérito Policial";"IP";"Inquérito";"1355.0";"";"";"3"
"A";"";"1370";"Inquérito Policial Especial";"IPE";"";"1355.0";"";"";"3"
"A";"";"1371";"Interpelação";"Int";"";"1355.0";"";"";"3"
"A";"";"1372";"Liquidação de Sentença";"LS";"";"1355.0";"";"";"3"
"A";"";"1373";"Notificação";"Not";"";"1355.0";"";"";"3"
"A";"";"1374";"Pedido de Avocação";"PAv";"";"1355.0";"";"";"3"
"A";"";"1375";"Processo Crime";"PC";"";"1355.0";"";"";"3"
"A";"";"1376";"Processo Judicial";"PJ";"";"1355.0";"";"";"3"
"A";"";"1377";"Queixa Crime";"QC";"";"1355.0";"";"";"3"
"A";"";"1378";"Recurso de Apreensão de Livro";"RAL";"";"1355.0";"";"";"3"
"A";"";"1379";"Recurso de Liquidação de Sentença";"RLS";"";"1355.0";"";"";"3"
"A";"";"1380";"Recurso de Revista";"RR";"";"1355.0";"";"";"3"
"A";"";"1381";"Representação";"Rp";"";"1355.0";"";"";"3"
"A";"";"1382";"Retificação de Nome Estrangeiro";"RNE";"";"1355.0";"";"";"3"
"A";"";"1383";"Sentença Arbitral";"SA";"";"1355.0";"";"";"3"
"A";"";"1384";"Suspensão de Direitos";"SD";"";"1355.0";"";"";"3"
"A";"";"1385";"Seção Cível";"SecCiv";"";"547.0";"1386,1430,1436,1450,10969,11026,1389,1390,1391,1392,1396,1399,1401,1412,1414,1415,1417,1420,1424,1425,1426,1690,1691,1703,1704,1705,1706,10933,12070,12076,12230,15140,15190,15194,15191,15192,15193,1432,1434,1435,1438,1440,1451,1455,10970,10971,10972,10973,10974,12386,12388,10975,10976,10977";"1386,1430,1436,1450,10969,11026,1389,1390,1391,1392,1396,1399,1401,1412,1414,1415,1417,1420,1424,1425,1426,1690,1691,1703,1704,1705,1706,10933,12070,12076,12230,15140,15190,15194,15191,15192,15193,1432,1434,1435,1438,1440,1451,1455,10970,10971,10972,10973,10974,12386,12388,10975,10976,10977";"2"
"A";"";"1386";"Processo de Conhecimento";"ProCon";"";"1385.0";"1389,1390,1391,1392,1396,1399,1401,1412,1414,1415,1417,1420,1424,1425,1426,1690,1691,1703,1704,1705,1706,10933,12070,12076,12230,15140,15190,15194,15191,15192,15193";"1389,1390,1391,1392,1396,1399,1401,1414,1415,1417,1420,1424,1425,1690,1691,1703,1704,1705,1706,10933,12070,12076,12230,15140,15190,15194,15191,15192,15193";"3"
"A";"2021-03-30 13:41:55";"1389";"Ação de Alimentos de Infância e Juventude";"AAlim";"Conhecimento";"1386.0";"";"";"4"
"A";"";"1390";"Revisão Judicial de Decisão do Conselho Tutelar";"RJDCT";"Conhecimento";"1386.0";"";"";"4"
"A";"";"1391";"Apuração de Irregularidades em Entidades de Atendimento";"AIEA";"Conhecimento";"1386.0";"";"";"4"
"A";"";"1392";"Apuração de Infração Administrativa às Normas de Proteção à Criança ou Adolescente";"AIANPCA";"Conhecimento";"1386.0";"";"";"4"
"A";"2018-11-16 13:39:18";"1396";"Tutela Infância e Juventude";"TutelaIJ";"Conhecimento";"1386.0";"";"";"4"
"A";"";"1399";"Tutela c/c Destituição do Poder Familiar";"TDPF";"Conhecimento";"1386.0";"";"";"4"
"A";"";"1401";"Adoção";"Adocao";"Conhecimento";"1386.0";"15191,15192,15193";"15191,15192,15193";"4"
"A";"";"1414";"Suprimento de Capacidade ou de Consentimento para Casar";"SICMPPC";"Conhecimento";"1386.0";"";"";"4"
"A";"";"1415";"Emancipação";"Emanci";"Conhecimento";"1386.0";"";"";"4"
"A";"";"1417";"Regularização de Registro Civil";"RegRegCiv";"Conhecimento";"1386.0";"";"";"4"
"A";"2021-03-30 13:40:55";"1420";"Guarda de Infância e Juventude";"GuardaInfJuv";"Conhecimento";"1386.0";"";"";"4"
"A";"";"1424";"Providência ";"Prov";"Conhecimento";"1386.0";"";"";"4"
"A";"2018-11-16 13:07:34";"1425";"Prestação de Contas Infância e Juventude";"PreConIJ";"Conhecimento";"1386.0";"";"";"4"
"A";"";"1430";"Processo de Execução";"ProExe";"";"1385.0";"1432,1434,1435";"1432,1434,1435";"3"
"A";"2018-11-16 17:50:14";"1432";"Execução de Alimentos Infância e Juventude";"ExeAliIJ";"Execução";"1430.0";"";"";"4"
"A";"2018-11-16 17:52:50";"1434";"Execução de Medida de Proteção à Criança e Adolescente";"MPCA";"Execução";"1430.0";"";"";"4"
"A";"";"1435";"Execução de Multa";"ExeMul";"Execução";"1430.0";"";"";"4"
"A";"";"1436";"Processos Cautelares";"ProCau";"";"1385.0";"1438,1440";"1438,1440";"3"
"A";"2018-11-16 17:55:53";"1438";"Busca e Apreensão Infância e Juventude";"BusAprIJ";"Conhecimento";"1436.0";"";"";"4"
"A";"2018-11-16 17:56:27";"1440";"Cautelar Inominada Infância e Juventude";"CauInoIJ";"Conhecimento";"1436.0";"";"";"4"
"A";"";"1450";"Cartas";"Cartas";"";"1385.0";"1451,1455";"1451,1455";"3"
"A";"2010-10-14 13:15:29";"1451";"Carta de Ordem Infância e Juventude";"CartOrdIJ";"Carta";"1450.0";"";"";"4"
"A";"2010-10-14 13:15:44";"1455";"Carta Precatória Infância e Juventude";"CartPrecIJ";"Carta";"1450.0";"";"";"4"
"A";"";"1459";"Seção Infracional";"SecInfr";"";"547.0";"1460,1464,1465,1473,10960,10979,11794,12071,12074,12120,1461,1462,1463,11976,1466,1467,1468,1469,1470,1471,1472,1474,1478,12072,12073,12423,12424,15171,15172";"1460,1464,1465,1473,10960,10979,11794,12071,12074,1461,1462,1463,11976,1466,1467,1468,1469,1470,1471,1472,1474,1478,12072,12073,12423,12424,15171,15172";"2"
"A";"";"1460";"Procedimentos Investigatórios";"ProcInv";"";"1459.0";"1461,1462,1463,11976";"1461,1462,1463";"3"
"A";"";"1461";"Auto de Apreensão em Flagrante";"AuApFl";"Investigatória";"1460.0";"";"";"4"
"A";"";"1462";"Relatório de Investigações";"RelInv";"Investigatória";"1460.0";"";"";"4"
"A";"";"1463";"Boletim de Ocorrência Circunstanciada";"BoOcCi";"Investigatória";"1460.0";"";"";"4"
"A";"";"1464";"Processo de Apuração de Ato Infracional";"PrApAtInfr";"Conhecimento";"1459.0";"";"";"3"
"A";"2022-06-09 15:03:13";"1465";"Execução de Medidas Socioeducativas";"ExMeSo";"Execução";"1459.0";"1466,1467,1468,1469,1470,1471,1472";"";"3"
"A";"";"1473";"Cartas";"Cartas";"";"1459.0";"1474,1478";"1474,1478";"3"
"A";"2010-10-14 13:13:44";"1474";"Carta de Ordem Infracional";"CartOrdInfr";"Carta";"1473.0";"";"";"4"
"A";"2010-10-14 13:14:10";"1478";"Carta Precatória Infracional";"CartPrecInfr";"Carta";"1473.0";"";"";"4"
"A";"";"1669";"Ação Rescisória";"AR";"Conhecimento";"5.0";"";"";"2"
"A";"";"1670";"Ação de Improbidade Administrativa";"AIA";"Conhecimento";"5.0";"";"";"2"
"A";"";"1671";"Comunicação";"Com";"Atos e Expedientes";"5.0";"";"";"2"
"A";"";"1672";"Exceção de Impedimento";"ExImp";"Incidental";"5.0";"";"";"2"
"A";"";"1673";"Exceção de Suspeição";"ExSusp";"Incidental";"5.0";"";"";"2"
"A";"";"1674";"Intervenção Federal";"IF";"Conhecimento";"5.0";"";"";"2"
"A";"";"1675";"Mandado de Injunção";"MI";"Conhecimento";"5.0";"";"";"2"
"A";"";"1677";"Precatório";"Prc";"Administrativa";"5.0";"";"";"2"
"A";"";"1678";"Revisão Criminal";"RvCr";"Conhecimento";"5.0";"";"";"2"
"A";"";"1679";"Suspensão de Segurança";"SS";"Conhecimento";"5.0";"";"";"2"
"A";"2018-11-16 18:10:02";"1680";"Consulta Administrativa";"ConsAdm";"Administrativo";"1198.0";"";"";"2"
"A";"";"1682";"Retificação ou Suprimento ou Restauração de Registro Civil";"RSRRC";"Conhecimento";"62.0";"";"";"6"
"A";"";"1683";"Retificação de Registro de Imóvel";"RetRegIm";"Conhecimento";"62.0";"";"";"6"
"A";"2018-10-17 14:04:28";"1685";"Remessa Necessária Trabalhista";"RemNecTrab";"Recursal";"1071.0";"";"";"4"
"A";"2018-11-19 13:29:12";"1689";"Embargos de Declaração Cível";"EDCiv";"Recurso Interno";"207.0";"";"";"4"
"A";"2018-11-14 16:49:06";"1690";"Ação Civil Pública Infância e Juventude";"ACPIJ";"Conhecimento";"1386.0";"";"";"4"
"A";"2021-01-27 09:30:40";"1691";"Mandado de Segurança Infância e Juventude Cível";"MSInfJuvCiv";"Conhecimento";"1386.0";"";"";"4"
"A";"";"1701";"Nomeação de Advogado";"NomAdv";"Atos e Expedientes";"237.0";"";"";"4"
"A";"";"1703";"Autorização judicial";"AutoJud";"Conhecimento";"1386.0";"";"";"4"
"A";"2018-11-16 12:57:55";"1704";"Embargos de Terceiro Infância e Juventude";"ETIJ";"Conhecimento";"1386.0";"";"";"4"
"A";"";"1705";"Remoção, modificação  e dispensa de tutor ou curador";"RemModDisTutCur";"Conhecimento";"1386.0";"";"";"4"
"A";"2018-11-16 13:08:35";"1706";"Procedimento Comum Infância e Juventude";"ProcComIJ";"Conhecimento";"1386.0";"";"";"4"
"A";"";"1707";"Reintegração / Manutenção de Posse";"RtMtPosse";"Conhecimento";"27.0";"";"";"6"
"A";"";"1709";"Interdito Proibitório";"Interdito";"Conhecimento";"27.0";"";"";"6"
"A";"2018-06-25 14:17:56";"1710";"Mandado de Segurança Criminal";"MSCrim";"Conhecimento";"292.0";"";"";"4"
"A";"";"1711";"Agravo de Instrumento em Recurso Especial";"AIREsp";"Recurso Superior";"412.0";"";"";"3"
"A";"";"1715";"Embargos do Acusado";"EmbAc";"Incidental";"316.0";"";"";"3"
"A";"";"1717";"Alienação de Bens do Acusado";"AlienBAc";"Incidental";"316.0";"";"";"3"
"A";"";"1719";"Avaliação para atestar dependência de drogas";"AvalDep";"Incidental";"331.0";"";"";"4"
"A";"";"1720";"Habeas Corpus";"HC";"Conhecimento";"5.0";"";"";"2"
"A";"";"1721";"Recurso Ordinário em Mandado de Segurança";"ROMS";"Recursal";"5.0";"";"";"2"
"A";"";"1722";"Recurso Ordinário em Habeas Corpus";"ROHC";"Recursal";"5.0";"";"";"2"
"A";"2018-06-25 14:27:46";"1727";"Petição Criminal";"PetCrim";"Atos e Expedientes";"268.0";"";"";"2"
"A";"2018-06-21 16:32:08";"1728";"Apelação / Remessa Necessária";"ApelRemNec";"Recursal";"197.0";"";"";"3"
"A";"2021-04-14 11:52:00";"1729";"Agravo Interno Criminal";"ArRCrim";"Recurso Interno";"412.0";"";"";"3"
"A";"2018-11-19 14:01:45";"1730";"Recurso Ordinário Criminal";"ROCrim";"Recursaç";"412.0";"";"";"3"
"A";"";"1731";"Investigação contra magistrado";"InvMag";"Investigatória";"277.0";"";"";"3"
"A";"2014-05-23 10:55:07";"1733";"Procedimento Investigatório Criminal (PIC-MP) ";"PICMP";"Investigatória";"277.0";"";"";"3"
"A";"";"10933";"Habilitação para Adoção";"HabAdo";"Conhecimento";"1386.0";"";"";"4"
"A";"2018-11-19 13:27:39";"10942";"Correição Parcial Cível";"CorreParcCiv";"Recursal";"197.0";"";"";"3"
"A";"";"10943";"Ação Penal - Procedimento Sumário";"APSum";"Conhecimento";"281.0";"";"";"3"
"A";"";"10944";"Ação Penal - Procedimento Sumaríssimo";"APSumss";"Conhecimento";"281.0";"";"";"3"
"A";"";"10960";"Incidente de Sanidade Mental";"IncSaniMen";"Incidental";"1459.0";"";"";"3"
"A";"2023-03-31 13:20:20";"10967";"Medidas de Proteção à Pessoa Idosa - Criminal";"MedProtEICrim";"Cautelar";"308.0";"";"";"3"
"A";"";"10969";"Incidentes";"Inc";"";"1385.0";"10970,10971,10972,10973,10974,12386,12388,10975,10976,10977";"10970,10972,10973,10974,12386,12388";"3"
"A";"2018-11-14 16:37:58";"10970";"Conflito de Competência Infância e Juventude";"CCIJ";"Incidental";"10969.0";"";"";"4"
"A";"2018-11-14 16:38:41";"10972";"Exibição de Documento ou Coisa Infância e Juventude";"ExiDocCoiIJ";"Incidental";"10969.0";"";"";"4"
"A";"2018-11-14 16:39:07";"10973";"Impugnação ao Valor da Causa Infância e Juventude";"ImpVCIJ";"Incidental";"10969.0";"";"";"4"
"A";"2018-11-16 17:46:02";"10974";"Incidente de Falsidade Infância e Juventude";"IncFalIJ";"Incidental";"10969.0";"";"";"4"
"A";"2018-11-16 18:00:12";"10979";"Petição Infracional";"PetInfJuvInfr";"Atos e Expedientes";"1459.0";"";"";"3"
"A";"";"10980";"Cumprimento Provisório de Decisão";"CumPrDec";"Cumprimento de Sentença/Decisão";"155.0";"";"";"4"
"A";"2018-06-25 14:27:18";"11026";"Petição Infância e Juventude Cível";"PetIJ";"Atos e Expedientes";"1385.0";"";"";"3"
"A";"2018-10-17 14:04:22";"11027";"Remessa Necessária / Recurso Ordinário";"RemNecRO";"Recursal";"1071.0";"";"";"4"
"A";"";"11028";"PROCESSO MILITAR";"ProcMil";"";"";"11029,11030,15321,15423,11034,11035,11036,11031,11032,11033,11037,11042,11043,11044,11045,11046,11553,11041,11799,11800,11038,11039,11040";"11029,11030,15321,15423,11034,11035,11036,11031,11032,11033,11037,11042,11043,11044,11045,11046,11553,11041,11799,11800,11038,11039,11040";"1"
"A";"";"11029";"PROCEDIMENTOS ESPECIAIS PREVISTOS EM LEIS ESPARSAS";"PEPLE";"";"11028.0";"11034,11035,11036";"11034,11035,11036";"2"
"A";"";"11030";"PROCESSO CRIMINAL";"ProcCrim";"";"11028.0";"11031,11032,11033,11037,11042,11043,11044,11045,11046,11553,11041,11799,11800,11038,11039,11040";"11031,11032,11033,11037,11042,11043,11044,11045,11046,11553,11041,11799,11800,11038,11039,11040";"2"
"A";"";"11031";"Procedimento Especial";"ProcEsp";"";"11030.0";"11042,11043,11044,11045,11046,11553";"11042,11043,11044,11045,11046,11553";"3"
"A";"";"11032";"Procedimentos Investigatórios";"ProcInv";"";"11030.0";"11041,11799,11800";"11041,11799,11800";"3"
"A";"";"11033";"Recursos";"Rec";"";"11030.0";"11038,11039,11040";"11038,11039,11040";"3"
"A";"";"11034";"Conselho de Justificação ";"ConsJust";"Conhecimento";"11029.0";"";"";"3"
"A";"";"11035";"Representação p/ Declaração de Indignidade/Incompatibilidade ";"RDII";"Conhecimento";"11029.0";"";"";"3"
"A";"";"11036";"Representação p/ Perda da Graduação ";"RPG";"Conhecimento";"11029.0";"";"";"3"
"A";"";"11037";"Ação Penal Militar - Procedimento Ordinário";"APMOrd";"Conhecimento";"11030.0";"";"";"3"
"A";"";"11038";"Embargos em Ação Penal Militar";"EmbAPM";"Recursal";"11033.0";"";"";"4"
"A";"2018-11-19 14:03:40";"11039";"Reclamação Militar";"RclMil";"Recursal";"11033.0";"";"";"4"
"A";"2018-11-19 13:55:10";"11040";"Recurso Inominado Militar";"RecInMil";"Recursal";"11033.0";"";"";"4"
"A";"";"11041";"Inquérito Policial Militar";"IPM";"Investigatória";"11032.0";"";"";"4"
"A";"2018-11-19 13:52:35";"11042";"Correição Parcial Militar";"CorParMil";"Conhecimento";"11031.0";"";"";"4"
"A";"";"11043";"Deserção";"Des";"";"11031.0";"11045,11046,11553";"11045,11046";"4"
"A";"";"11044";"Insubmissão";"Insub";"Conhecimento";"11031.0";"";"";"4"
"A";"";"11045";"Deserção de Oficial";"DesOf";"Conhecimento";"11043.0";"";"";"5"
"A";"";"11046";"Deserção de Praça";"DesPr";"Conhecimento";"11043.0";"";"";"5"
"A";"";"11099";"PROCEDIMENTOS PRÉ-PROCESSUAIS DE RESOLUÇÃO CONSENSUAL DE CONFLITOS";"PPPRCC";"";"";"11875,12136,12613,15709";"11875,15709";"1"
"A";"";"11397";"Extinção das obrigações do falido";"ExtObrFal";"Conhecimento";"62.0";"";"";"6"
"A";"";"11398";"Recurso em sentido estrito/Recurso ex officio";"RSEExOf";"Recursal";"412.0";"";"";"3"
"A";"";"11400";"Agravo de Instrumento em Recurso Ordinário para o STF";"AIROSTF";"Recurso Superior";"1209.0";"";"";"5"
"A";"2010-04-20 14:26:16";"11427";"PROCESSO ELEITORAL";"ProEl";"";"";"11525,11528,11529,11534,11540,11547,11551,11552,12058,12464,12552,11526,11527,12059,12060,12061,12627,15303,11530,11531,11532,11533,11538,11541,12193,12550,12555,12556,12558,12561,12625,12630,12633,15323,15694,11535,11536,11537,11539,12377,12554,12560,12628,12629,12631,12632,14208,15011,11542,11543,11544,11545,11546,12549,12551,12553,12557,12559,12562,11548,11549,11550,12057,12626,14209,15090,12465,12466";"11525,11528,11529,11534,11540,11547,11551,11552,12464,12552,11526,11527,12059,12060,12061,12627,15303,11530,11531,11532,11533,11538,11541,12193,12550,12555,12556,12558,12561,12625,12630,12633,15323,15694,11535,11536,11537,11539,12377,12554,12560,12628,12629,12631,12632,14208,15011,11542,11543,11544,11545,11546,12549,12551,12553,12557,12559,12562,11548,11549,11550,12057,12626,14209,15090,12465,12466";"1"
"A";"2010-04-15 14:57:20";"11525";"Processos Cíveis-Eleitorais";"ProcCivEl";"";"11427.0";"11526,11527,12059,12060,12061,12627,15303";"11526,11527,12059,12060,12627,15303";"2"
"A";"";"11526";"Ação de Impugnação de Mandato Eletivo";"AIME";"Conhecimento";"11525.0";"";"";"3"
"A";"";"11527";"Ação de Investigação Judicial Eleitoral";"AIJE";"Conhecimento";"11525.0";"";"";"3"
"A";"";"11528";"Ação Penal Eleitoral";"APEl";"Conhecimento";"11427.0";"";"";"2"
"A";"2010-04-15 16:00:58";"11529";"Procedimentos Relativos a Realização de Eleição";"PRRE";"";"11427.0";"11530,11531,11532,11533,11538,11541,12193,12550,12555,12556,12558,12561,12625,12630,12633,15323,15694";"11530,11532,11533,11541,12193,12550,12555,12556,12561,12625,12630,12633,15323,15694";"2"
"A";"";"11530";"Apuração de Eleição";"AE";"Conhecimento";"11529.0";"";"";"3"
"A";"";"11532";"Registro de Candidatura";"RCand";"Conhecimento";"11529.0";"";"";"3"
"A";"";"11533";"Recurso contra Expedição de Diploma";"RCED";"Conhecimento";"11529.0";"";"";"3"
"A";"";"11534";"Procedimentos Relativos a Partidos Políticos";"PRPP";"";"11427.0";"11535,11536,11537,11539,12377,12554,12560,12628,12629,12631,12632,14208,15011";"11535,11536,11537,11539,12377,12554,12560,12628,12629,12631,14208,15011";"2"
"A";"";"11535";"Cancelamento de Registro de Partido Político";"CRPP";"Conhecimento";"11534.0";"";"";"3"
"A";"2022-03-22 17:33:45";"11536";"Propaganda Partidária";"PropPart";"Eleitoral";"11534.0";"";"";"3"
"A";"2010-04-15 16:01:48";"11537";"Registro de Órgão de Partido Político em Formação";"ROPPF";"Conhecimento";"11534.0";"";"";"3"
"A";"";"11539";"Registro de Partido Político";"RPP";"Conhecimento";"11534.0";"";"";"3"
"A";"";"11540";"Procedimentos Administrativos da Justiça Eleitoral";"PAdmJEl";"";"11427.0";"11542,11543,11544,11545,11546,12549,12551,12553,12557,12559,12562";"11542,11543,11544,11545,11546,12549,12553,12557,12559,12562";"2"
"A";"";"11541";"Representação";"Rp";"Conhecimento";"11529.0";"";"";"3"
"A";"2026-01-29 15:05:58";"11542";"Correição de Eleitorado";"Cor";"Administrativa";"11540.0";"";"";"3"
"A";"";"11543";"Criação de Zona Eleitoral ou Remanejamento";"CZER";"Administrativa";"11540.0";"";"";"3"
"A";"";"11544";"Instrução";"Inst";"Administrativa";"11540.0";"";"";"3"
"A";"";"11545";"Lista Tríplice";"LT";"Administrativa";"11540.0";"";"";"3"
"A";"";"11546";"Revisão de Eleitorado";"RvE";"Administrativa";"11540.0";"";"";"3"
"A";"2010-04-20 14:25:31";"11547";"Recursos Eleitorais";"RsEls";"";"11427.0";"11548,11549,11550,12057,12626,14209,15090";"11548,11549,11550,12626,14209,15090";"2"
"A";"";"11548";"Recurso Eleitoral";"REl";"Recursal";"11547.0";"";"";"3"
"A";"";"11549";"Recurso Especial Eleitoral";"REspEl";"Recursal";"11547.0";"";"";"3"
"A";"2018-11-19 14:02:40";"11550";"Recurso Ordinário Eleitoral";"RO-El";"Recursal";"11547.0";"";"";"3"
"A";"";"11551";"Consulta";"CtaEl";"Conhecimento";"11427.0";"";"";"2"
"A";"";"11552";"Pedido de Desaforamento";"PDEl";"Incidental";"11427.0";"";"";"2"
"A";"";"11555";"Suspensão de Liminar e de Sentença";"SLS";"Conhecimento";"62.0";"";"";"6"
"A";"2018-11-19 13:46:48";"11556";"Suspensão de Segurança Cível";"SSCiv";"Conhecimento";"62.0";"";"";"6"
"A";"2018-11-19 13:19:57";"11788";"Exibição de Documento ou Coisa Criminal";"ExDoCoCrim";"Incidente";"331.0";"";"";"4"
"A";"2018-11-19 13:22:45";"11791";"Pedido de Uniformização de Interpretação de Lei Criminal";"PUILCrim";"Incidental";"331.0";"";"";"4"
"A";"2018-10-18 15:14:03";"11793";"Produção Antecipada de Provas Criminal";"PAPCrim";"Conhecimento";"308.0";"";"";"3"
"A";"2018-11-16 18:04:18";"11794";"Restituição de Coisas Apreendidas Infracional";"ReCoApInfr";"Incidental";"1459.0";"";"";"3"
"A";"";"11798";"Processo de Aplicação de Medida de Segurança Por Fato Não Criminoso";"ProcApMSegFNC";"Conhecimento";"285.0";"";"";"4"
"A";"";"11799";"Instrução Provisória de Insubmissão";"InstProvIns";"Investigatória";"11032.0";"";"";"4"
"A";"";"11800";"Instrução Provisória de Deserção";"InstProvDes";"Investigatória";"11032.0";"";"";"4"
"A";"";"11875";"Reclamação Pré-processual";"RPP";"Pré-processual";"11099.0";"";"";"2"
"A";"2011-12-01 13:36:47";"11880";"Recurso Extraordinário com Agravo";"ARE";"Recurso";"1310.0";"";"";"2"
"A";"";"11881";"Agravo em Recurso Especial";"AgREsp";"Recursal";"5.0";"";"";"2"
"A";"";"11882";"Recurso de Revista com Agravo";"RRAg";"Recursal";"1071.0";"";"";"4"
"A";"";"11886";"Recurso Ordinário - Rito Sumaríssimo";"RORSum";"Recursal";"1071.0";"";"";"4"
"A";"";"11887";"Acompanhamento de Cumprimento de Decisão";"Cumprdec";"Administrativa";"1198.0";"";"";"2"
"A";"";"11888";"Ato Normativo";"Ato";"Administrativo";"1198.0";"";"";"2"
"A";"";"11889";"Nota Técnica";"NT";"Administrativa";"1198.0";"";"";"2"
"A";"";"11890";"Parecer de Mérito sobre Anteprojeto de Lei";"PAM";"Administrativa";"1198.0";"";"";"2"
"A";"";"11891";"Procedimento de Controle Administrativo";"PCA";"Administrativa";"1198.0";"";"";"2"
"A";"2012-05-17 12:20:54";"11892";"Revisão Disciplinar";"RevDis";"Administrativo";"1198.0";"";"";"2"
"A";"";"11893";"Reclamação para Garantia das Decisões";"RGD";"Administrativa";"1198.0";"";"";"2"
"A";"2018-10-15 17:30:16";"11894";" Comissão";"Comissão";"Administrativa";"1198.0";"";"";"2"
"A";"";"11953";"Arguição de Suspeição e de Impedimento";"ArgSusImp";"Administrativa";"1198.0";"";"";"2"
"A";"2012-12-11 14:10:23";"11955";"Cautelar Inominada Criminal";"CauInomCrim";"Conhecimento";"308.0";"";"";"3"
"A";"2021-01-27 09:56:33";"11956";"Embargos de Divergência em Agravo em Recurso Especial";"EmbDivARESP";"";"5.0";"";"";"2"
"A";"2018-11-19 13:46:08";"12059";"Suspensão de Segurança - Eleitoral";"SS-El";"Conhecimento";"11525.0";"";"";"3"
"A";"2022-10-25 17:52:36";"12060";"Incidente de Impedimento/Suspeição";"Exc";"Incidental";"11525.0";"";"";"3"
"A";"";"12070";"Pedido de Medida de Proteção";"PedMedProt";"Conhecimento";"1386.0";"";"";"4"
"A";"";"12071";"Procedimentos Cautelares";"ProcCau";"";"1459.0";"12072,12073,12423,12424,15171,15172";"12072,12073,12423,12424,15171,15172";"3"
"A";"2018-11-16 18:00:46";"12072";"Busca e Apreensão Infracional";"BusApreInfr";"Conhecimento";"12071.0";"";"";"4"
"A";"";"12073";"Internação Provisória";"InterProv";"Conhecimento";"12071.0";"";"";"4"
"A";"2023-08-08 08:16:16";"12074";"Pedido De Desinternação/Reavaliação/Substituição/Suspensão da Medida";"PedDesReavSubsSus";"Conhecimento";"1459.0";"";"";"3"
"A";"";"12075";"Procedimento Conciliatório";"PCon";"Incidente";"215.0";"";"";"4"
"A";"";"12076";"Restabelecimento do Poder Familiar";"ResPodFam";"Conhecimento";"1386.0";"";"";"4"
"A";"";"12077";"Homologação em Acordo de Colaboração Premiada";"HomoAcColPrem";"Incidental";"331.0";"";"";"4"
"A";"";"12078";"Cumprimento de Sentença contra a Fazenda Pública";"CumSenFaz";"Cumprimento de Sentença/Decisão";"155.0";"";"";"4"
"A";"2020-04-04 08:45:57";"12079";"Execução de Título Extrajudicial contra a Fazenda Pública";"ExTiExFP";"Execução ";"159.0";"";"";"4"
"A";"2018-11-19 11:44:04";"12080";"Incidente de Impedimento Cível";"IncImp";"Incidente";"215.0";"";"";"4"
"A";"2018-11-19 11:45:58";"12081";"Incidente de Suspeição Cível";"IncSus";"Incidental";"215.0";"";"";"4"
"A";"";"12082";"Carta Arbitral";"CartArb";"Carta";"257.0";"";"";"4"
"A";"";"12085";"Incidente de Resolução de Demandas Repetitivas";"IRDR";"incidente";"215.0";"";"";"4"
"A";"";"12086";"Dissolução Parcial de Sociedade";"DissParcSocied";"Conhecimento";"27.0";"";"";"6"
"A";"";"12087";"Incidente de Assunção de Competência";"IAC";"Incidente";"215.0";"";"";"4"
"A";"";"12118";"Suspensão em Incidente de Resolução de Demandas Repetitivas";"SIRDR";"Incidental";"5.0";"";"";"2"
"A";"";"12119";"Incidente de Desconsideração de Personalidade Jurídica";"IDPJ";"Incidente";"215.0";"";"";"4"
"A";"2021-04-14 11:54:30";"12121";"Comunicado de Mandado de Prisão";"APri";"Investigatória";"277.0";"";"";"3"
"A";"";"12122";"Reclamação Criminal";"ReclCrim";"Conhecimento";"292.0";"";"";"4"
"A";"";"12132";"Incidente de Julgamento de Recurso de Revista e de Embargos Repetitivos";"IncJulgRREmbRep";"Incidental";"1070.0";"";"";"4"
"A";"2020-07-15 15:49:25";"12133";"Tutela Provisória de Urgência e Tutela Provisória de Evidência";"TutPro";"Tutela Provisória";"2.0";"12134,12135";"12134,12135";"2"
"A";"";"12134";"Tutela Cautelar Antecedente";"TutCautAnt";"Tutela Provisória";"12133.0";"";"";"3"
"A";"";"12135";"Tutela Antecipada Antecedente";"TutAntAnt";"Tutela Provisória";"12133.0";"";"";"3"
"A";"";"12137";"Requerimento de Apreensão de Veículo";"ReqAV";"Conhecimento";"214.0";"";"";"3"
"A";"";"12138";"Requerimento de Reintegração de Posse";"ReqRP";"Conhecimento";"62.0";"";"";"6"
"A";"";"12139";"Contestação em Foro Diverso";"ContForoDiv";"Atos e Expedientes";"237.0";"";"";"4"
"A";"";"12153";"Embargos Parciais à Ação Monitória";"EmbParcMonit";"Incidental";"215.0";"";"";"4"
"A";"";"12154";"Execução de Título Extrajudicial";"ExTiEx";"Execução ";"159.0";"";"";"4"
"A";"2021-03-29 17:12:29";"12190";"Suspensão Nacional do Incidente de Resolução de Demandas Repetitivas";"SIRDR";"Incidental";"1310.0";"";"";"2"
"A";"";"12191";"Tutela Provisória Antecedente";"TPA";"Conhecimento";"1310.0";"";"";"2"
"A";"";"12192";"Tutela Provisória Incidental";"TPI";"Incidental";"1310.0";"";"";"2"
"A";"";"12193";"Prestação de Contas Eleitorais";"PCE";"Conhecimento";"11529.0";"";"";"3"
"A";"";"12226";"Notificação";"Notif";"Conhecimento";"50.0";"";"";"6"
"A";"";"12227";"Interpelação";"Interp";"Conhecimento";"50.0";"";"";"6"
"A";"";"12228";"Protesto";"Protes";"Conhecimento";"50.0";"";"";"6"
"A";"";"12229";"Protesto formado a bordo";"PrFoBo";"Conhecimento";"50.0";"";"";"6"
"A";"";"12230";"Guarda c/c destituição do poder familiar";"GuaDPF";"Conhecimento";"1386.0";"";"";"4"
"A";"";"12231";"Cumprimento de sentença - Lei Arbitral (Lei 9.307/1996)";"CumSenArb";"Cumprimento de Sentença/Decisão";"155.0";"";"";"4"
"A";"2018-11-19 12:07:32";"12233";"Tutela Cível";"TutCiv";"Conhecimento";"50.0";"";"";"6"
"A";"";"12246";"Cumprimento de Sentença de Obrigação de Prestar Alimentos";"CumSenAlim";"Cumprimento de Sentença/Decisão";"155.0";"";"";"4"
"A";"";"12247";"Execução Extrajudicial de Alimentos";"ExeExtAlim";"Execução";"159.0";"";"";"4"
"A";"2022-11-28 11:14:14";"12248";"Pedido de Cooperação Judiciária";"PCoop";"Cooperação Judiciária";"1198.0";"";"";"2"
"A";"";"12357";"Pedido de Efeito Suspensivo à Apelação";"SuspApel";"Atos e Expedientes";"237.0";"";"";"4"
"A";"";"12370";"Tomada de Decisão Apoiada";"TDA";"Conhecimento";"62.0";"";"";"6"
"A";"";"12371";"Alteração de Regime de Bens";"AlReBe";"Conhecimento";"50.0";"";"";"6"
"A";"";"12372";"Divórcio Consensual";"DivCons";"Conhecimento";"50.0";"";"";"6"
"A";"";"12374";"Homologação da Transação Extrajudicial";"HTE";"Conhecimento";"50.0";"";"";"6"
"A";"";"12375";"Reclamação";"Rcl";"Conhecimento";"27.0";"";"";"6"
"A";"";"12376";"Regulação de Avaria Grossa";"RegAvGr";"Conhecimento";"27.0";"";"";"6"
"A";"2019-08-13 19:01:49";"12377";"Prestação de Contas Anual";"PC-PP";"Conhecimento";"11534.0";"";"";"3"
"A";"2018-11-16 13:49:02";"12386";"Incidente de Impedimento Infância e Juventude";"IncImpIJ";"Incidente";"10969.0";"";"";"4"
"A";"2018-11-16 17:45:31";"12388";"Incidente de Suspeição Infância e Juventude";"IncSusIJ";"Incidente";"10969.0";"";"";"4"
"A";"";"12389";"Ação de Partilha";"APart";"Conhecimento";"62.0";"";"";"6"
"A";"";"12391";"Incidente de Uniformização de Jurisprudência";"IUJ";"Incidente";"1070.0";"";"";"4"
"A";"";"12394";"Revisão Criminal";"RevCrim";"Conhecimento";"285.0";"";"";"4"
"A";"2023-03-31 13:25:20";"12423";"Medidas Protetivas de Urgência (Lei Maria da Penha) - Infracional";"MPUMPInfr";"Cautelar";"12071.0";"";"";"4"
"A";"2023-03-31 13:22:39";"12424";"Medidas de Proteção à Pessoa Idosa - Infracional";"MPUEIInfr";"Cautelar";"12071.0";"";"";"4"
"A";"";"12464";"Corregedoria Eleitoral";"";"";"11427.0";"12465,12466";"12465,12466";"2"
"A";"";"12465";"Petição Corregedoria";"PetCor";"";"12464.0";"";"";"3"
"A";"";"12466";"Inquérito Administrativo";"IA";"";"12464.0";"";"";"3"
"A";"";"12541";"Divórcio Litigioso";"DivLit";"Conhecimento";"27.0";"";"";"6"
"A";"2019-08-19 17:56:04";"12549";"Cancelamento de Inscrição Eleitoral (CIE)";"CIE";"";"11540.0";"";"";"3"
"A";"";"12550";"Composição de Mesa Receptora";"CMR";"";"11529.0";"";"";"3"
"A";"";"12552";"Direitos Políticos";"DP";"";"11427.0";"";"";"2"
"A";"";"12553";"Duplicidade/Pluralidade de Inscrições - Coincidências";"DPI";"";"11540.0";"";"";"3"
"A";"";"12554";"Filiação Partidária";"FP";"";"11534.0";"";"";"3"
"A";"";"12555";"Impugnação à Composição de Junta Eleitoral";"ICJE";"";"11529.0";"";"";"3"
"A";"";"12556";"Impugnação Perante as Juntas Eleitorais";"IpJE";"";"11529.0";"";"";"3"
"A";"";"12557";"Recurso/Impugnação de Alistamento Eleitoral";"RIAE";"";"11540.0";"";"";"3"
"A";"";"12559";"Regularização de Situação do Eleitor";"RSE";"";"11540.0";"";"";"3"
"A";"";"12560";"Lista de Apoiamento para Criação de Partido Político";"LAP";"";"11534.0";"";"";"3"
"A";"";"12561";"Notícia de Irregularidade em Propaganda Eleitoral";"NIP";"";"11529.0";"";"";"3"
"A";"";"12562";"PET-ADM";"PET-ADM";"";"11540.0";"";"";"3"
"A";"";"12625";"Direito de Resposta";"DR";"";"11529.0";"";"";"3"
"A";"";"12626";"Agravo em Recurso Especial Eleitoral";"AREspE";"";"11547.0";"";"";"3"
"A";"";"12627";"Ação Rescisória Eleitoral";"ARE";"";"11525.0";"";"";"3"
"A";"";"12628";"Ação de Justificação de Desfiliação Partidária/Perda de Cargo Eletivo";"AJDesCargEle";"Conhecimento";"11534.0";"";"";"3"
"A";"";"12629";"Pedido de Novas Eleições";"PNE";"";"11534.0";"";"";"3"
"A";"2020-06-03 10:51:57";"12630";"Representação Especial";"RepEsp";"Conhecimento";"11529.0";"";"";"3"
"A";"";"12631";"Requerimento de Regularização de Omissão de Prestação de Contas Anual";"RROPCO";"";"11534.0";"";"";"3"
"A";"";"12633";"Requerimento de Regularização de Omissão de Prestação de Contas Eleitorais";"RROPCE";"";"11529.0";"";"";"3"
"A";"";"12727";"Execução de Pena de Multa";"ExePenMul";"Execução";"385.0";"";"";"2"
"A";"";"12728";"Transferência Entre Estabelecimentos Penais";"TEEP";"";"385.0";"";"";"2"
"A";"2021-05-28 14:42:36";"12729";"Execução de Medidas Alternativas no Juízo Comum";"ExMedAltJC";"Execução Criminal";"385.0";"";"";"2"
"A";"2020-07-15 15:02:21";"12760";"Recurso de Julgamento Parcial ";"RJParc";"Recursal";"1071.0";"";"";"4"
"A";"";"12761";"Homologação do Penhor Legal";"HomPen";"Conhecimento";"27.0";"";"";"6"
"A";"";"12762";"Extinção Consensual de União Estável";"ECUE";"Conhecimento";"50.0";"";"";"6"
"A";"";"12763";"Reconhecimento e Extinção de União Estável";"REUE";"Conhecimento";"27.0";"";"";"6"
"A";"";"12764";"Separação Contenciosa";"SepCon";"Conhecimento";"27.0";"";"";"6"
"A";"";"12775";"Ação Direta de Inconstitucionalidade por Omissão";"ADO";"";"1310.0";"";"";"2"
"A";"";"12776";"Arguição de Impedimento";"AImp";"";"1310.0";"";"";"2"
"A";"";"12777";"Exceção de Incompetência";"";"";"1310.0";"";"";"2"
"A";"";"12778";"Exceção de Litispendência";"EL";"";"1310.0";"";"";"2"
"A";"";"12779";"Proposta de Súmula Vinculante";"PSV";"";"1310.0";"";"";"2"
"A";"";"12780";"Admissão de Assistente";"AAs";"";"1310.0";"";"";"2"
"A";"";"12781";"Impugnação ao Valor da Causa";"IVC";"";"1310.0";"";"";"2"
"A";"";"12782";"Incidente de Falsidade";"IFa";"";"1310.0";"";"";"2"
"A";"";"12783";"Oposição";"Ops";"";"1310.0";"";"";"2"
"A";"";"12784";"Suspeição de Perito";"SPer";"";"1310.0";"";"";"2"
"A";"";"12785";"Embargos à Execução";"EE";"";"1310.0";"";"";"2"
"A";"";"12786";"Cumprimento de Sentença";"";"";"1310.0";"12787";"";"2"
"A";"";"12788";"Execução contra a Fazenda Pública";"EFP";"";"1310.0";"";"";"2"
"A";"";"12789";"Execução de Pena";"EP";"";"1310.0";"";"";"2"
"A";"";"12790";"Extensão";"";"";"1310.0";"";"";"2"
"A";"";"12791";"Incidente de Assunção de Competência";"IAC";"";"1310.0";"";"";"2"
"A";"";"14123";"Destinação de Bens Apreendidos";"DestBemApre";"Incidental";"316.0";"";"";"3"
"A";"";"14208";"Suspensão de Órgão Partidário";"SuspOP";"Conhecimento";"11534.0";"";"";"3"
"A";"";"14209";"Recurso Criminal Eleitoral";"RecCrimEleit";"Recursal";"11547.0";"";"";"3"
"A";"";"14671";"Guarda de Família";"GuardaFam";"Conhecimento";"62.0";"";"";"6"
"A";"2023-08-08 08:16:39";"14676";"Pedido de Inclusão no Cadastro de Programa de Apadrinhamento";"Apadrinhamento";"Administrativo";"15195.0";"";"";"3"
"A";"2024-07-31 13:12:23";"14677";"Regulamentação da Convivência Familiar";"RegVis";"Conhecimento";"27.0";"";"";"6"
"A";"";"14678";"Acordo de Não Persecução Penal";"AcNãoPerPenal";"Incidental";"331.0";"";"";"4"
"A";"";"14695";"Procedimento do Juizado Especial da Fazenda Pública";"PJEFP";"Conhecimento";"1107.0";"";"";"4"
"A";"";"14696";"Execução de Medidas Alternativas nos Juizados Especiais";"ExeMedAltJE";"Execução Criminal";"385.0";"";"";"2"
"A";"";"14701";"Habeas Data Criminal";"HDCrim";"Conhecimento";"292.0";"";"";"4"
"A";"2022-11-22 17:45:19";"14734";"Medidas de Proteção - Criança e Adolescente (Lei 13.431) Criminais";"MPCA";"Cautelar";"308.0";"";"";"3"
"A";"";"14775";"Agravo de Instrumento em Mandado de Segurança";"AIMS";"Recursal";"1209.0";"";"";"5"
"A";"";"14991";"Classificação de Crédito Público";"CCP";"Incidental";"215.0";"";"";"4"
"A";"";"15011";"Registro de Federação Partidária";"RFP";"Conhecimento ";"11534.0";"";"";"3"
"A";"";"15090";"Recurso";"REC";"Recurso Interno";"11547.0";"";"";"3"
"A";"";"15140";"Entrega Voluntária";"EntVol";"Cohecimento";"1386.0";"";"";"4"
"A";"";"15159";"Regime Centralizado de Execuções";"RCE";"Execução";"62.0";"";"";"6"
"A";"2026-04-09 14:13:26";"15160";"Cumprimento Individual de Sentença de Ações Coletivas";"CSAC";"Cumprimento de Sentença/Decisão";"155.0";"";"";"4"
"A";"2026-04-09 14:18:42";"15161";"Cumprimento Individual Provisório de Sentença de Ações Coletivas";"CPSAC";"Cumprimento de Sentença/Decisão";"155.0";"";"";"4"
"A";"";"15167";"Acordo de Não Persecução Cível";"ANPC";"Outros";"214.0";"";"";"3"
"A";"2022-11-22 17:38:20";"15170";"Medidas Protetivas de Urgência - Crianças e Adolescentes (Lei Henry Borel - Lei 14.344/2022) Criminais";"MPCALHB";"Cautelar";"308.0";"";"";"3"
"A";"2022-11-22 17:42:59";"15171";"Medidas Protetivas de Urgência - Crianças e Adolescentes (Lei Henry Borel - Lei 14.344/2022) Infracionais";"MPCALHBI";"Cautelar";"12071.0";"";"";"4"
"A";"";"15172";"Medidas de Proteção - Criança e Adolescente (Lei 13.431) Infracionais";"MPCAI";"Cautelar";"12071.0";"";"";"4"
"A";"";"15187";"Plano Especial de Pagamento Trabalhista";"PEPT";"Execução";"1068.0";"";"";"4"
"A";"";"15190";"Destituição do Poder Familiar";"DestPodFam";"Conhecimento";"1386.0";"";"";"4"
"A";"";"15191";"Adoção pelo Cadastro";"AdocaoCad";"Conhecimento";"1401.0";"";"";"5"
"A";"";"15192";"Adoção Fora do Cadastro";"AdocaoFCad";"Conhecimento";"1401.0";"";"";"5"
"A";"";"15193";"Adoção Fora do Cadastro c/c Destituição do Poder Familiar";"AdocaoFCadDPF";"Conhecimento";"1401.0";"";"";"5"
"A";"";"15194";"Suspensão do Poder Familiar";"SusPodFam";"Conhecimento";"1386.0";"";"";"4"
"A";"";"15195";"Seção Administrativa";"";"Administrativa";"547.0";"14676,15196";"14676,15196";"2"
"A";"";"15196";"Inspeção";"Insp";"Administrativa";"15195.0";"";"";"3"
"A";"";"15215";"Cumprimento de Sentença contra a Fazenda Pública Mediante Execução Invertida";"CumSenFazExIn";"Cumprimento de Sentença";"155.0";"";"";"4"
"A";"";"15217";"Procedimento de Repactuação de Dívidas (Superendividamento)";"ProcReacDiv";"Conhecimento";"62.0";"";"";"6"
"A";"";"15224";"Habeas Corpus Coletivo";"HCC";"Conhecimento";"5.0";"";"";"2"
"A";"";"15228";"Queixa-Crime";"QC";"Conhecimento";"5.0";"";"";"2"
"A";"";"15239";"Proposta de Anteprojeto de Lei";"AL";"Administrativa";"1198.0";"";"";"2"
"A";"";"15240";"Auditoria";"A";"Administrativa";"1198.0";"";"";"2"
"A";"";"15241";"Avaliação de Obras";"AvOb";"Administrativa";"1198.0";"";"";"2"
"A";"";"15242";"Pedido de Esclarecimento";"PE";"Administrativa";"1198.0";"";"";"2"
"A";"";"15243";"Monitoramento de Auditorias e Obras";"MON";"Administrativa";"1198.0";"";"";"2"
"A";"";"15303";"Representação em Propaganda Partidária";"RPropPart";"Conhecimento";"11525.0";"";"";"3"
"A";"";"15309";"Medidas Protetivas de Urgência (Lei Maria da Penha) - Cível";"MPUMPCível";"Cautelar";"214.0";"";"";"3"
"A";"";"15321";"Revisão Judicial - RDII";"Revisão Judicial";"Administrativa";"11028.0";"";"";"2"
"A";"";"15323";"Reclamação Administrativa Eleitoral";"RAEL";"Conhecimento";"11529.0";"";"";"3"
"A";"";"15423";"Revisão Judicial - Conselho de Justificação";"Rev. Judicial";"Revisão Judicial";"11028.0";"";"";"2"
"A";"";"15430";"Cumprimento de Sentença - Reclamação Pré-processual";"CumSenRPP";"Cumprimento de Sentença/Decisão";"155.0";"";"";"4"
"A";"";"15532";"Incidentes de Superação e Revisão de Precedentes Qualificados";"";"Incidental";"1070.0";"15533,15534,15535";"15533,15534,15535";"4"
"A";"";"15533";"Incidente de Superação e Revisão de Precedentes em Recurso de Revista e Embargos Repetitivos";"ISRPIRR";"Incidental";"15532.0";"";"";"5"
"A";"";"15534";"Incidente de Superação e Revisão de Precedentes em Incidente de Assunção de Competência";"ISRPIAC";"Incidental";"15532.0";"";"";"5"
"A";"";"15535";"Incidente de Superação e Revisão de Precedente em Incidente de Resolução de Demandas Repetitivas";"ISRPIRDR";"Incidental";"15532.0";"";"";"5"
"A";"";"15543";"Arguição de Descumprimento de Preceito Fundamento Previsto em Constituição Estadual";"ADPFEst";"Constitucional";"62.0";"";"";"6"
"A";"";"15545";"Procedimento Relativo à Posse de Maconha para Consumo Pessoal";"PRPMCP";"Administrativa";"1198.0";"";"";"2"
"A";"";"15620";"Produção Antecipada de Provas";"PAP";"Conhecimento";"1107.0";"";"";"4"
"A";"";"15694";"Requerimento de Declaração de Elegibilidade";"RDE";"Declaratória";"11529.0";"";"";"3"
"A";"";"15708";"Procedimento de Justiça Restaurativa Administrativo";"PJRAdm";"Administrativa";"1198.0";"";"";"2"
"A";"";"15709";"Procedimento de Justiça Restaurativa Pré-Processual";"PJRPP";"Pré-Processual";"11099.0";"";"";"2"
"A";"";"15710";"Procedimento de Justiça Restaurativa em Execução Penal";"PJREP";"Execução";"385.0";"";"";"2"
"A";"";"15731";"Cumprimento Coletivo de Sentença em Ações Coletivas";"CCSC";"Cumprimento de Sentença/Decisão";"155.0";"";"";"4"
"A";"";"15732";"Cumprimento Coletivo Provisório de Sentença em Ações Coletivas";"CCPSAC";"Cumprimento de Sentença/Decisão";"155.0";"";"";"4"
"I";"2016-03-14 15:06:42";"22";"Procedimento Sumário";"ProSum";"";"1107.0";"";"";"4"
"I";"2017-05-05 13:54:48";"28";"Anulação e Substituição de Títulos ao Portador";"ASTP";"Especial";"27.0";"";"";"6"
"I";"2016-03-14 15:09:03";"29";"Apreensão e Depósito de Coisa Vendida com Reserva de Domínio";"ADCVRD";"Especial";"27.0";"";"";"6"
"I";"2016-03-14 15:10:15";"35";"Depósito";"Deposi";"Especial";"27.0";"";"";"6"
"I";"2016-03-14 15:11:10";"41";"Nunciação de Obra Nova";"NunciObr";"Especial";"27.0";"";"";"6"
"I";"2016-03-14 15:13:12";"44";"Prestação de Contas - Oferecidas";"PrCoOf";"Especial";"27.0";"";"";"6"
"I";"2016-03-14 15:20:39";"56";"Especialização de Hipoteca Legal";"EsHiLe";"Jurisdição Voluntária";"50.0";"";"";"6"
"I";"2018-06-25 15:40:07";"61";"Tutela e Curatela -  Nomeação";"TuCuNo";"Jurisdição Voluntária";"50.0";"";"";"6"
"I";"2018-10-16 14:35:46";"72";"Alteração do Regime de Bens";"AlReBe";"Jurisdição Voluntária";"62.0";"";"";"6"
"I";"2016-03-14 15:21:11";"76";"Apreensão de Embarcações";"AprEmb";"Especial";"62.0";"";"";"6"
"I";"2016-03-14 15:21:28";"77";"Arribadas Forçadas";"ArrFor";"Especial";"62.0";"";"";"6"
"I";"2018-10-16 18:21:06";"79";"Regulação de Avaria Grossa";"RegAvaG";"Especial";"62.0";"";"";"6"
"I";"2016-03-14 15:21:45";"80";"Avarias";"Avaria";"Especial";"62.0";"";"";"6"
"I";"2016-05-03 15:48:03";"97";"Dissolução e Liquidação de Sociedade";"DiLiSo";"";"62.0";"";"";"6"
"I";"2018-10-16 15:49:52";"98";"Divórcio Consensual";"DivCon";"Jurisdição Voluntária";"62.0";"";"";"6"
"I";"2018-10-16 15:59:10";"99";"Divórcio Litigioso";"DivLit";"Especial";"62.0";"";"";"6"
"I";"2018-10-16 16:45:22";"112";"Homologação de Transação Extrajudicial";"HoTrEx";"Especial";"62.0";"";"";"6"
"I";"2018-06-25 14:36:41";"127";"Protesto Formado a Bordo";"PrFoBo";"Especial";"62.0";"";"";"6"
"I";"2020-07-15 15:38:04";"141";"Separação Litigiosa";"SepLit";"Conhecimento";"62.0";"";"";"6"
"I";"2018-10-16 18:49:08";"144";"Suspensão de Liminar ou Antecipação de Tutela";"SLAT";"";"62.0";"";"";"6"
"I";"2018-10-16 18:48:53";"145";"Suspensão de Execução de Sentença";"SuExSe";"Incidente";"62.0";"";"";"6"
"I";"2016-03-14 15:25:58";"170";"Embargos à Adjudicação";"EAdj";"Incidente";"169.0";"";"";"4"
"I";"2016-03-14 15:26:17";"171";"Embargos à Arrematação";"EArr";"Incidente";"169.0";"";"";"4"
"I";"2016-03-14 15:26:31";"173";"Embargos de Retenção por Benfeitorias";"EmReBe";"Incidente";"169.0";"";"";"4"
"I";"2016-03-14 14:56:25";"176";"Alimentos - Provisionais";"AliPro";"Cautelar";"175.0";"";"";"3"
"I";"2016-03-14 14:56:44";"177";"Apreensão de  Títulos";"AprTit";"Cautelar";"175.0";"";"";"3"
"I";"2016-03-14 14:57:05";"178";"Arresto ";"Arrest";"Cautelar";"175.0";"";"";"3"
"I";"2016-03-14 14:57:40";"179";"Arrolamento de Bens";"ArrBen";"Cautelar";"175.0";"";"";"3"
"I";"2016-03-14 14:58:03";"180";"Atentado";"Atent";"Cautelar";"175.0";"";"";"3"
"I";"2016-03-14 14:58:25";"181";"Busca e Apreensão";"BusApr";"Cautelar";"175.0";"";"";"3"
"I";"2016-03-14 14:58:43";"182";"Caução";"Cauçao";"Cautelar";"175.0";"";"";"3"
"I";"2016-03-14 14:59:01";"183";"Cautelar Inominada";"CauInom";"Cautelar";"175.0";"";"";"3"
"I";"2016-03-14 14:59:22";"186";"Exibição";"Exibic";"Cautelar";"175.0";"";"";"3"
"I";"2020-07-15 15:14:52";"188";"Homologação do Penhor Legal";"HomPen";"Conhecimento";"175.0";"";"";"3"
"I";"2016-03-14 14:59:46";"190";"Justificação";"Justif";"Cautelar";"175.0";"";"";"3"
"I";"2018-06-25 14:35:31";"191";"Protesto";"Protes";"Cautelar";"175.0";"";"";"3"
"I";"2016-03-14 15:00:20";"192";"Posse em Nome do Nascituro";"PoNoNa";"Cautelar";"175.0";"";"";"3"
"I";"2025-09-02 16:32:34";"193";"Produção Antecipada da Prova";"PAP";"Conhecimento";"175.0";"";"";"3"
"I";"2020-07-15 15:40:04";"194";"Regulamentação de Visitas";"RegVis";"Conhecimento";"175.0";"";"";"3"
"I";"2020-07-15 15:39:29";"195";"Separação de Corpos";"SepCor";"Conhecimento";"175.0";"";"";"3"
"I";"2016-03-14 15:01:39";"196";"Seqüestro";"Seques";"Cautelar";"175.0";"";"";"3"
"I";"2016-03-14 14:10:19";"203";"Agravo de Instrumento em Recurso Especial";"AIRE";"Recurso";"200.0";"";"";"4"
"I";"2016-03-14 15:31:40";"208";"Embargos Infringentes";"EI";"Recurso";"207.0";"";"";"4"
"I";"2017-05-05 15:15:06";"218";"Assistência Judiciária";"AssJud";"";"215.0";"";"";"4"
"I";"2018-10-15 19:05:49";"224";"Exceções";"Exceco";"";"215.0";"1230,1231,1232";"";"4"
"I";"2016-03-14 15:24:08";"229";"Impugnação ao Cumprimento de Sentença";"ImCuSe";"Incidente";"155.0";"";"";"4"
"I";"2016-03-14 14:53:27";"230";"Impugnação ao Pedido de Assistência Litisconsorcial ou Simples";"IPALS";"Incidente";"215.0";"";"";"4"
"I";"2023-09-26 15:57:56";"231";"Impugnação ao Valor da Causa Cível";"IVCCiv";"Incidental";"215.0";"";"";"4"
"I";"2016-03-14 14:54:57";"232";"Incidente de Falsidade";"IncFal";"Comum";"215.0";"";"";"4"
"I";"2018-11-19 11:49:07";"233";"Incidente de Uniformização de Jurisprudência";"IUJ";"Incidente";"215.0";"";"";"4"
"I";"2018-10-16 18:11:12";"244";"Reclamação";"Rcl";"";"62.0";"";"";"6"
"I";"2008-09-30 15:52:43";"270";"Notícia-Crime";"Notici";"Inquérito";"269.0";"";"";"3"
"I";"2008-09-30 15:52:43";"273";"Pedido de Arquivamento em Representação Criminal";"PARC";"Inquérito";"271.0";"";"";"4"
"I";"2008-09-30 15:52:43";"290";"Processo Sumário (Detenção)";"PrSuD";"Especial";"285.0";"";"";"4"
"I";"2008-09-30 15:52:43";"299";"Procedimento do Juizado Especial Criminal - Sumariíssimo";"ProSum";"";"292.0";"";"";"4"
"I";"2018-10-18 16:01:52";"315";"Pedido de Prisão/ Liberdade Vigiada para Fins de Expulsão";"PedPrisLVExpuls";"Prisão/Liberdade";"312.0";"";"";"4"
"I";"2020-06-05 13:57:30";"406";"Incidentes";"Inc";"";"385.0";"407,408,409,410,411,1283,1284,1288,11957,12089,12123,12124,12125,12126,12127,12128,12129";"";"2"
"I";"2020-06-05 13:57:44";"407";"Conversão de Pena";"Conver";"Incidental";"406.0";"";"";"3"
"I";"2020-06-05 13:57:49";"408";"Excesso ou Desvio";"ExcDes";"Incidental";"406.0";"";"";"3"
"I";"2020-06-05 13:57:35";"409";"Anistia";"Anisti";"Incidental";"406.0";"";"";"3"
"I";"2020-06-05 13:57:54";"410";"Indulto";"Indult";"Incidental";"406.0";"";"";"3"
"I";"2020-06-05 13:57:40";"411";"Comutação de Pena";"ComPen";"Incidental";"406.0";"";"";"3"
"I";"2008-09-30 15:52:43";"416";"Apelação em Mandado de Segurança";"ApMS";"Recurso";"412.0";"";"";"3"
"I";"2009-09-17 17:46:46";"422";"Protesto por Novo Júri";"PrNoJu";"Recurso";"412.0";"";"";"3"
"I";"2008-09-30 15:52:43";"425";"Recurso de Sentença Criminal";"RSCr";"Recurso";"412.0";"";"";"3"
"I";"2018-11-19 13:34:30";"428";"Revisão Criminal";"RvC";"Conhecimento";"412.0";"";"";"3"
"I";"2016-03-14 15:45:56";"433";"Incidente de Uniformização de Jurisprudência";"IUJ";"Incidente";"331.0";"";"";"4"
"I";"2018-10-30 16:50:05";"1015";"Embargos de Divergência em Recurso de Mandado de Segurança";"EmbDivRMS";"";"5.0";"";"";"2"
"I";"2018-10-30 15:13:03";"1035";"Apelação Cível";"ApC";"";"5.0";"";"";"2"
"I";"2018-10-30 17:10:36";"1037";"Embargos Infringentes em Apelação Cível";"EmbInfAC";"";"5.0";"";"";"2"
"I";"2018-10-30 17:10:33";"1066";"Embargos Infringentes em Ação Rescisória";"EmbInfAR";"";"5.0";"";"";"2"
"I";"2024-10-15 14:53:05";"1111";"Execução de Título Judicial";"ExTiJu";"Execução ";"158.0";"1112,1114,12251";"";"3"
"I";"2018-06-25 16:16:47";"1112";"Execução de Alimentos";"ExeAli";"Execução";"1111.0";"";"";"4"
"I";"2016-03-14 14:28:54";"1114";"Execução Contra a Fazenda Pública";"ECFP";"EXECUÇÃO";"1111.0";"";"";"4"
"I";"2018-06-25 15:40:18";"1122";"Tutela e Curatela - Remoção e Dispensa";"TCRD";"";"50.0";"";"";"6"
"I";"2016-03-14 15:23:28";"1124";"Justificação de Dinheiro a Risco";"JuDiRi";"";"62.0";"";"";"6"
"I";"2014-02-18 18:56:30";"1145";"Conflito de Competência";"CC";"";"1070.0";"";"";"4"
"I";"2017-05-05 15:15:30";"1230";"Exceção de Impedimento";"ExcImp";"";"224.0";"";"";"5"
"I";"2017-05-05 15:15:34";"1231";"Exceção de Suspeição";"ExcSusp";"";"224.0";"";"";"5"
"I";"2016-03-14 15:14:10";"1232";"Exceção de Incompetência";"ExcInc";"";"224.0";"";"";"5"
"I";"2020-06-05 13:58:38";"1283";"Superveniência de doença mental";"SuDoMe";"Incidental";"406.0";"";"";"3"
"I";"2020-06-05 13:58:45";"1284";"Unificação de penas";"UniPen";"Incidental";"406.0";"";"";"3"
"I";"2010-10-14 13:37:41";"1285";"Conflito de atribuição";"CA";"";"215.0";"";"";"4"
"I";"2020-06-05 13:52:48";"1288";"Transferência entre estabelecimentos penais";"TEEP";"Incidental";"406.0";"";"";"3"
"I";"2016-03-14 15:00:01";"1289";"Outras medidas provisionais";"OuMePr";"";"175.0";"";"";"3"
"I";"2016-03-14 15:17:34";"1295";"Alvará Judicial";"Alvará";"";"50.0";"";"";"6"
"I";"2020-07-24 15:00:07";"1319";"Agravo Interno";"AgIn";"Recurso Interno";"1310.0";"";"";"2"
"I";"2020-07-24 14:46:04";"1324";"Carta Rogatória";"Rogato";"Carta";"1310.0";"";"";"2"
"I";"2020-07-24 14:48:40";"1340";"Processo Administrativo";"PAdm";"Administrativo";"1310.0";"";"";"2"
"I";"2020-07-24 14:27:20";"1350";"Sentença Estrangeira";"SE";"Conhecimento";"1310.0";"";"";"2"
"I";"2020-07-24 14:27:24";"1351";"Sentença Estrangeira Contestada";"SEC";"Conhecimento";"1310.0";"";"";"2"
"I";"2023-03-31 15:04:42";"1412";"Adoção c/c Destituição do Poder Familiar";"AdoDPF";"Conhecimento";"1386.0";"";"";"4"
"I";"2023-03-31 14:41:43";"1426";"Perda ou Suspensão do Poder Familiar";"PeSusPodFam";"Conhecimento";"1386.0";"";"";"4"
"I";"2009-10-02 11:20:44";"1466";"Internação com Atividades Externas";"InAtEx";"";"1465.0";"";"";"4"
"I";"2009-10-02 11:20:55";"1467";"Internação sem Atividades Externas";"InAtEx";"";"1465.0";"";"";"4"
"I";"2009-10-02 11:21:51";"1468";"Semiliberdade";"Semili";"";"1465.0";"";"";"4"
"I";"2009-10-02 11:21:14";"1469";"Liberdade Assistida";"LibAss";"";"1465.0";"";"";"4"
"I";"2009-10-02 11:21:39";"1470";"Prestação de Serviços a Comunidade";"PrSeCo";"";"1465.0";"";"";"4"
"I";"2009-10-02 11:21:26";"1471";"Obrigação de Reparar o Dano";"ObReDa";"";"1465.0";"";"";"4"
"I";"2009-10-02 11:20:31";"1472";"Advertência ";"Advert";"";"1465.0";"";"";"4"
"I";"2016-03-14 14:54:14";"1702";"Impugnação de Assistência Judiciária";"";"";"215.0";"";"";"4"
"I";"2018-06-25 14:30:18";"1712";"Agravo de Instrumento em Recurso Extraordinário";"";"";"412.0";"";"";"3"
"I";"2020-06-05 13:59:58";"1714";"Execução Provisória";"ExeProv";"Execução";"385.0";"";"";"2"
"I";"2018-06-25 14:36:04";"1723";"Contraprotesto Judicial";"CProt";"";"175.0";"";"";"3"
"I";"2018-06-25 14:35:40";"1725";"Notificação";"Notif";"";"175.0";"";"";"3"
"I";"2018-06-25 14:35:51";"1726";"Interpelação";"Inter";"";"175.0";"";"";"3"
"I";"2018-11-16 17:48:13";"10971";"Exceções";"Exc";"";"10969.0";"10975,10976,10977";"";"4"
"I";"2018-11-16 17:48:02";"10975";"Exceção de Impedimento Infância e Juventude";"ExcImpIJ";"Incidental";"10971.0";"";"";"5"
"I";"2018-11-16 17:48:05";"10976";"Exceção de Incompetência Infância e Juventude";"ExcIncIJ";"Incidental";"10971.0";"";"";"5"
"I";"2018-11-16 17:48:08";"10977";"Exceção de Suspeição Infância e Juventude";"ExcSusIJ";"Incidental";"10971.0";"";"";"5"
"I";"2016-03-14 15:29:24";"10981";"Impugnação ao Cumprimento  de Decisão";"";"Incidente";"155.0";"";"";"4"
"I";"2020-06-05 13:59:42";"11399";"Execução de Medida de Segurança";"ExeMS";"Execução";"385.0";"";"";"2"
"I";"2018-10-19 18:43:38";"11531";"Prestação de Contas";"PC";"Eleitoral";"11529.0";"";"";"3"
"I";"2018-10-19 19:28:58";"11538";"Registro de Comitê Financeiro";"RCF";"Eleitoral";"11529.0";"";"";"3"
"I";"2018-10-15 13:34:40";"11553";"Instrução Provisória de Deserção";"IPDes";"";"11043.0";"";"";"5"
"I";"2016-03-14 15:33:59";"11787";"Assistência Judiciária";"AssJudCrim";"";"331.0";"";"";"4"
"I";"2018-10-19 15:59:39";"11789";"Impugnação ao Valor da Causa";"IVCCrim";"Incidente";"331.0";"";"";"4"
"I";"2016-03-14 15:51:40";"11790";"Impugnação de Assistência Judiciária";"";"Incidente";"331.0";"";"";"4"
"I";"2020-06-05 13:58:21";"11957";"Remição de Pena";"RemPena";"Incidental";"406.0";"";"";"3"
"I";"2018-10-15 17:17:01";"11976";"Pedido de Busca e Apreensão Infracional";"PedBusApreInfr";"";"1460.0";"";"";"4"
"I";"2022-10-25 17:37:13";"12057";"Reexame Necessário Eleitoral";"ReeNec-El";"Recursal";"11547.0";"";"";"3"
"I";"2015-08-20 11:34:09";"12058";"Suspensão de Segurança";"";"";"11427.0";"";"";"2"
"I";"2021-08-18 10:53:43";"12061";"Ação Cautelar";"AC";"Conhecimento";"11525.0";"";"";"3"
"I";"2016-09-06 14:00:32";"12083";"Tutela Antecipada Antecedente";"TutAntAntec";"";"175.0";"";"";"3"
"I";"2016-09-06 13:56:22";"12084";"Tutela Cautelar Antecedente";"TutCautAntec";"";"175.0";"";"";"3"
"I";"2017-05-05 15:18:59";"12088";"Liquidação Provisória de Sentença pelo Procedimento Comum";"LiqPvSenProcComum";"incidente";"150.0";"";"";"4"
"I";"2020-06-05 13:58:26";"12089";"Renovação de Permanência em Estabelecimento Penal Federal";"RPEPF";"incidental";"406.0";"";"";"3"
"I";"2021-03-29 17:12:22";"12117";"Suspensão do Incidente de Resolução de Demandas Repetitivas";"SIRDR";"Incidental";"1310.0";"";"";"2"
"I";"2021-01-18 09:33:45";"12120";"Agravo em Execução de Medidas Sócio-Educativas";"AgExMSo";"Recursal";"1459.0";"";"";"3"
"I";"2020-06-05 13:58:31";"12123";"Roteiro de Pena";"RPen";"Incidental";"406.0";"";"";"3"
"I";"2016-09-05 13:56:11";"12124";"Roteiro de Pena";"";"";"406.0";"";"";"3"
"I";"2020-06-05 13:58:12";"12125";"Progressão de Regime";"ProgRem";"Incidental";"406.0";"";"";"3"
"I";"2020-06-05 13:58:16";"12126";"Regressão de Regime";"RegRem";"Incidental";"406.0";"";"";"3"
"I";"2018-10-11 18:22:49";"12127";"Remição";"Rem";"Incidental";"406.0";"";"";"3"
"I";"2020-06-05 13:57:59";"12128";"Livramento Condicional";"LivCond";"Incidental";"406.0";"";"";"3"
"I";"2020-06-05 13:58:07";"12129";"Outros Incidentes de Execução Iniciados de Ofício";"OIncExInOf";"Incidental";"406.0";"";"";"3"
"I";"2020-03-20 11:00:03";"12136";"Pedido de Mediação Pré-Processual";"PMPP";"Pré-Processual";"11099.0";"";"";"2"
"I";"2018-11-19 11:29:13";"12232";"Ação de Partilha";"APart";"Cível";"214.0";"";"";"3"
"I";"2021-03-30 13:55:20";"12234";"Curatela";"Cur";"Conhecimento";"50.0";"";"";"6"
"I";"2018-10-15 13:50:13";"12249";"Suspensão em IRDR";"SusIRDR";"Conhecimento";"1310.0";"";"";"2"
"I";"2018-10-15 13:44:08";"12250";"Suspensão em IRDR";"SusIRDR";"Conhecimento";"5.0";"";"";"2"
"I";"2024-10-15 14:51:59";"12251";"Execução de Título Judicial - CEJUSC";"ExeJudCEJUSC";"Execução ";"1111.0";"";"";"4"
"I";"2018-10-16 14:22:38";"12369";"Tomada de Decisão Apoiada";"TDA";"";"50.0";"";"";"6"
"I";"2019-07-09 16:19:34";"12373";"Divórcio Litigioso";"DivLit";"Conhecimento";"50.0";"";"";"6"
"I";"2018-11-19 11:28:17";"12390";"ação de partilha";"";"";"62.0";"";"";"6"
"I";"2020-06-03 11:12:07";"12551";"Descarte de Material";"DM";"";"11540.0";"";"";"3"
"I";"2020-06-03 11:24:47";"12558";"Registro de Debates";"RD";"";"11529.0";"";"";"3"
"I";"2020-03-20 10:59:57";"12613";"Pedido de Conciliação Pré-Processual";"PCPP";"Pré-Processual";"11099.0";"";"";"2"
"I";"2020-06-03 10:58:47";"12632";"Requerimento de Regularização de Omissão de Prestação de Contas Anual";"";"";"11534.0";"";"";"3"
"I";"2020-07-24 14:09:33";"12787";"Execução contra a Fazenda Pública";"";"";"12786.0";"";"";"3"
"I";"2021-09-28 14:12:52";"14774";"Agravo de Instrumento em Mandado de Segurança";"";"";"200.0";"";"";"4"
"I";"2021-12-03 15:30:54";"14990";"Classificação de Crédito Público";"";"";"62.0";"";"";"6"
